Workbook

Sheet банк ва ҳудуд кесимида
AB1: 4
C2: Ҳудуд ва банк номи | D2: Банк бўлинмаси номи | E2: 2025 йил 1 май ҳолатига | R2: 2026 йил 1 январъ ҳолатига | AD2: 2026 йил 1-май ҳолатига
E3: Импорт шартнома сони | F3: Экспорт шартнома сони | G3: Импорт учун тўлов | H3: Экспорт тушуми | I3: Вилоят ҳудудида рўйҳатдан ўтган корхоналар | M3: Вилоят ҳудудида рўйҳатдан ўтган ва бошқа худуд банкларида фаолият юритаётган корхоналар | Q3: Дебиторка 2025 йил 1 май ҳолатига | R3: Импорт шартнома сони | S3: Экспорт шартнома сони | T3: Импорт учун тўлов | U3: Экспорт тушуми | V3: Вилоят ҳудудида рўйҳатдан ўтган корхоналар | Z3: Вилоят ҳудудида рўйҳатдан ўтган ва бошқа худуд банкларида фаолият юритаётган корхоналар | AD3: Импорт шартнома сони | AE3: Экспорт шартнома сони | AF3: Импорт учун тўлов | AG3: Экспорт тушуми | AH3: Вилоят ҳудудида рўйҳатдан ўтган корхоналар | AL3: Вилоят ҳудудида рўйҳатдан ўтган ва бошқа худуд банкларида фаолият юритаётган корхоналар | AP3: Дебиторка 2026 йил 1 май ҳолатига | AQ3: Белгиланган тоифа | AR3: 2026 йилда ҳудуддаги улуши (фоизда) | AS3: 2026 йил 1 май ҳолатига олинган банк даромади (минг сўмда) | AT3: 2025 йил 1 май ҳолатга олинган банк даромади (минг сўмда) | AU3: Аккредитив хисобрақам очиш | AV3: Факторинг хизмати мавжудлиги | AW3: Мавжуд ходимлар | AX3: Қамрови
I4: Экспорт тушуми | K4: Импорт тўлови | M4: Экспорт тушуми | O4: Импорт тўлови | V4: Экспорт тушуми | X4: Импорт тўлови | Z4: Экспорт тушуми | AB4: Импорт тўлови | AH4: Экспорт тушуми | AJ4: Импорт тўлови | AL4: Экспорт тушуми | AN4: Импорт тўлови
B5: 1 | I5: Шартнома сони | J5: Суммаси | K5: Шартнома сони | L5: Суммаси | M5: Шартнома сони | N5: Суммаси | O5: Шартнома сони | P5: Суммаси | V5: Шартнома сони | W5: Суммаси | X5: Шартнома сони | Y5: Суммаси | Z5: Шартнома сони | AA5: Суммаси | AB5: Шартнома сони | AC5: Суммаси | AH5: Шартнома сони | AI5: Суммаси | AJ5: Шартнома сони | AK5: Суммаси | AL5: Шартнома сони | AM5: Суммаси | AN5: Шартнома сони | AO5: Суммаси
E6: =+E7+E13+E16+E20+E23+E28+E35+E39+E41+E50+E53+E58+E61+E63+E67+E70+E73+E77+E83+E86+E89+E94+E246 -> 15744.667 | F6: =+F7+F13+F16+F20+F23+F28+F35+F39+F41+F50+F53+F58+F61+F63+F67+F70+F73+F77+F83+F86+F89+F94+F246 -> 7784.7778 | G6: =+G7+G13+G16+G20+G23+G28+G35+G39+G41+G50+G53+G58+G61+G63+G67+G70+G73+G77+G83+G86+G89+G94+G246 -> 1.3515402e+09 | H6: =+H7+H13+H16+H20+H23+H28+H35+H39+H41+H50+H53+H58+H61+H63+H67+H70+H73+H77+H83+H86+H89+H94+H246 -> 5.5406516e+08 | I6: =+I7+I13+I16+I20+I23+I28+I35+I39+I41+I50+I53+I58+I61+I63+I67+I70+I73+I77+I83+I86+I89+I94+I246 -> 1844.7778 | J6: =+J7+J13+J16+J20+J23+J28+J35+J39+J41+J50+J53+J58+J61+J63+J67+J70+J73+J77+J83+J86+J89+J94+J246 -> 1.6203574e+08 | K6: =+K7+K13+K16+K20+K23+K28+K35+K39+K41+K50+K53+K58+K61+K63+K67+K70+K73+K77+K83+K86+K89+K94+K246 -> 2113.6667 | L6: =+L7+L13+L16+L20+L23+L28+L35+L39+L41+L50+L53+L58+L61+L63+L67+L70+L73+L77+L83+L86+L89+L94+L246 -> 2.8592702e+08 | ... U6: =+U7+U13+U16+U20+U23+U28+U35+U39+U41+U50+U53+U58+U61+U63+U67+U70+U73+U77+U83+U86+U89+U94+U246 -> 6.5830006e+08 | V6: =+S6 -> 8495.2222 | W6: =+W7+W13+W16+W20+W23+W28+W35+W39+W41+W50+W53+W58+W61+W63+W67+W70+W73+W77+W83+W86+W89+W94+W246 -> 6.5830006e+08 | X6: =+X7+X13+X16+X20+X23+X28+X35+X39+X41+X50+X53+X58+X61+X63+X67+X70+X73+X77+X83+X86+X89+X94+X246 -> 18523 | Y6: =+Y7+Y13+Y16+Y20+Y23+Y28+Y35+Y39+Y41+Y50+Y53+Y58+Y61+Y63+Y67+Y70+Y73+Y77+Y83+Y86+Y89+Y94+Y246 -> 1.9189952e+09 | Z6: =+Z7+Z13+Z16+Z20+Z23+Z28+Z35+Z39+Z41+Z50+Z53+Z58+Z61+Z63+Z67+Z70+Z73+Z77+Z83+Z86+Z89+Z94+Z246 -> 11697.778 | AA6: =+AA7+AA13+AA16+AA20+AA23+AA28+AA35+AA39+AA41+AA50+AA53+AA58+AA61+AA63+AA67+AA70+AA73+AA77+AA83+AA86+AA89+AA94+AA246 -> 5.7970111e+08 | AB6: =+AB7+AB13+AB16+AB20+AB23+AB28+AB35+AB39+AB41+AB50+AB53+AB58+AB61+AB63+AB67+AB70+AB73+AB77+AB83+AB86+AB89+AB94+AB246 -> 20920 | AC6: =+AC7+AC13+AC16+AC20+AC23+AC28+AC35+AC39+AC41+AC50+AC53+AC58+AC61+AC63+AC67+AC70+AC73+AC77+AC83+AC86+AC89+AC94+AC246 -> 1.490662e+09 | AD6: =+AD7+AD13+AD16+AD20+AD23+AD28+AD35+AD39+AD41+AD50+AD53+AD58+AD61+AD63+AD67+AD70+AD73+AD77+AD83+AD86+AD89+AD94+AD246 -> 15868.889 | ... AP6: =+AP7+AP13+AP16+AP20+AP23+AP28+AP35+AP39+AP41+AP50+AP53+AP58+AP61+AP63+AP67+AP70+AP73+AP77+AP83+AP86+AP89+AP94+AP246 -> 787692.46 | AR6: =+AR7+AR13+AR16+AR20+AR23+AR28+AR35+AR39+AR41+AR50+AR53+AR58+AR61+AR63+AR67+AR70+AR73+AR77+AR83+AR86+AR89+AR94+AR246 -> 5 | AS6: =+AS7+AS13+AS16+AS20+AS23+AS28+AS35+AS39+AS41+AS50+AS53+AS58+AS61+AS63+AS67+AS70+AS73+AS77+AS83+AS86+AS89+AS94+AS246 -> 8769391.9 | AT6: =+AT7+AT13+AT16+AT20+AT23+AT28+AT35+AT39+AT41+AT50+AT53+AT58+AT61+AT63+AT67+AT70+AT73+AT77+AT83+AT86+AT89+AT94+AT246 -> 2682628.8 | AU6: =+AU7+AU13+AU16+AU20+AU23+AU28+AU35+AU39+AU41+AU50+AU53+AU58+AU61+AU63+AU67+AU70+AU73+AU77+AU83+AU86+AU89+AU94+AU246 -> 0 | AV6: =+AV7+AV13+AV16+AV20+AV23+AV28+AV35+AV39+AV41+AV50+AV53+AV58+AV61+AV63+AV67+AV70+AV73+AV77+AV83+AV86+AV89+AV94+AV246 -> 0 | AW6: =+AW7+AW13+AW16+AW20+AW23+AW28+AW35+AW39+AW41+AW50+AW53+AW58+AW61+AW63+AW67+AW70+AW73+AW77+AW83+AW86+AW89+AW94+AW246 -> 122 | AX6: =+AX7+AX13+AX16+AX20+AX23+AX28+AX35+AX39+AX41+AX50+AX53+AX58+AX61+AX63+AX67+AX70+AX73+AX77+AX83+AX86+AX89+AX94+AX246 -> 6.490674e+08
A7: Ангрен шаҳар | C7: Ангрен шаҳар | E7: =+SUM(E8:E12) -> 215 | F7: =+SUM(F8:F12) -> 604 | G7: =+SUM(G8:G12) -> 12397252 | H7: =+SUM(H8:H12) -> 7569987.1 | I7: =+SUM(I8:I12) -> 441 | J7: =+SUM(J8:J12) -> 5393874.5 | K7: =+SUM(K8:K12) -> 156 | L7: =+SUM(L8:L12) -> 9458328.4 | ... Q7: =+SUM(Q8:Q12) -> 557.16441 | R7: 239 | S7: =+SUM(S8:S12) -> 513 | T7: 11614722 | U7: =+SUM(U8:U12) -> 11377138 | V7: =+S7 -> 513 | W7: =+U7 -> 11377138 | X7: =+R7 -> 239 | Y7: =+T7 -> 11614722 | Z7: =((+SUM(Z8:Z12))/3)*4 -> 0 | AA7: =((+SUM(AA8:AA12))/3)*4 -> 0 | AB7: 0 | AC7: 0 | AD7: =+SUM(AD8:AD12) -> 310 | AE7: =+SUM(AE8:AE12) -> 676 | AF7: =+SUM(AF8:AF12) -> 11386291 | AG7: =+SUM(AG8:AG12) -> 12623819 | AH7: =+AE7 -> 676 | AI7: =+AG7 -> 12623819 | AJ7: =+AD7 -> 310 | AK7: =+AF7 -> 11386291 | AL7: =((((+SUM(AL8:AL12))/3)*4)/3)*4 -> 0 | AM7: =((((+SUM(AM8:AM12))/3)*4)/3)*4 -> 0 | AN7: =((((+SUM(AN8:AN12))/3)*4)/3)*4 -> 0 | AO7: =((((+SUM(AO8:AO12))/3)*4)/3)*4 -> 0 | AP7: =+SUM(AP8:AP12) -> 2430.2686 | AQ7: Ўртача | AR7: =+SUM(AR8:AR12) -> 1 | AS7: =+SUM(AS8:AS12) -> 440834.88 | AT7: =+SUM(AT8:AT12) -> 252011.18 | AW7: =+SUM(AW8:AW12) -> 9 | AX7: =+AI7+AK7+AM7+AO7 -> 24010110 | AY7: =+AX7/$AX$6 -> 0.036991705
B8: 461 | C8: Ипотека банк | D8: Ипотека банк Ангрен филиали | E8: 36 | F8: 68 | G8: 895568.28 | H8: 1157013.1 | I8: 49 | J8: 788896.95 | K8: 33 | L8: 859902.38 | M8: 0 | N8: 0 | O8: 0 | P8: 0 | Q8: 88.69364 | R8: 37 | S8: =+VLOOKUP(B8,[1]Лист2!$A$4:$B$188,2,0) -> 44 | T8: 436727.73 | U8: =+VLOOKUP(B8,[1]Лист2!$A$4:$C$188,3,0) -> 392003.3 | V8: =+S8 -> 44 | W8: =+U8 -> 392003.3 | X8: =+R8 -> 37 | Y8: =+T8 -> 436727.73 | Z8: 0 | AA8: 0 | AB8: 0 | AC8: 0 | AD8: 30 | AE8: 106 | AF8: 518681.83 | AG8: 1014168.6 | AH8: =+AE8 -> 106 | AI8: =+AG8 -> 1014168.6 | AJ8: =+AD8 -> 30 | AK8: =+AF8 -> 518681.83 | AL8: 0 | AM8: 0 | AN8: 0 | AO8: 0 | AP8: 248.98248 | AQ8: Ўртача | AR8: =+AX8/$AX$7 -> 0.063841876 | AS8: 0 | AT8: 141802.46 | AU8: Бор | AV8: Бор | AW8: 2 | AX8: =+AI8+AK8 -> 1532850.5
B9: 11254 | C9: Миллийбанк | D9: Миллийбанк Ангрен БХМ | E9: 24 | F9: 7 | G9: 4566399.9 | H9: 275309.24 | I9: 3 | J9: 121969.72 | K9: 17 | L9: 3772518.2 | M9: 0 | N9: 0 | O9: 0 | P9: 0 | Q9: 0 | R9: 26 | S9: =+VLOOKUP(B9,[1]Лист2!$A$4:$B$188,2,0) -> 31 | T9: 2366204.9 | U9: =+VLOOKUP(B9,[1]Лист2!$A$4:$C$188,3,0) -> 626407.15 | V9: =+S9 -> 31 | W9: =+U9 -> 626407.15 | X9: =+R9 -> 26 | Y9: =+T9 -> 2366204.9 | Z9: 0 | AA9: 0 | AB9: 0 | AC9: 0 | AD9: 34 | AE9: 34 | AF9: 1138513.9 | AG9: 921146.93 | AH9: =+AE9 -> 34 | AI9: =+AG9 -> 921146.93 | AJ9: =+AD9 -> 34 | AK9: =+AF9 -> 1138513.9 | AL9: 0 | AM9: 0 | AN9: 0 | AO9: 0 | AP9: 48.68434 | AQ9: Барқарор | AR9: =+AX9/$AX$7 -> 0.085783067 | AS9: 15117.543 | AT9: 3779.3859 | AU9: Бор | AV9: Бор | AW9: 2 | AX9: =+AI9+AK9 -> 2059660.9
B10: 11199 | C10: Ўзсаноатқурилишбанк | D10: Ўзсаноатқурилишбанк Ангрен БХМ | E10: 11 | F10: 31 | G10: 311060 | H10: 702627.35 | I10: 26 | J10: 667205.59 | K10: 8 | L10: 265220 | M10: 0 | N10: 0 | O10: 0 | P10: 0 | Q10: 259.64941 | R10: 9 | S10: =+VLOOKUP(B10,[1]Лист2!$A$4:$B$188,2,0) -> 28 | T10: 240800 | U10: =+VLOOKUP(B10,[1]Лист2!$A$4:$C$188,3,0) -> 460973.8 | V10: =+S10 -> 28 | W10: =+U10 -> 460973.8 | X10: =+R10 -> 9 | Y10: =+T10 -> 240800 | Z10: 0 | AA10: 0 | AB10: 0 | AC10: 0 | AD10: 18 | AE10: 40 | AF10: 255476.4 | AG10: 479915.01 | AH10: =+AE10 -> 40 | AI10: =+AG10 -> 479915.01 | AJ10: =+AD10 -> 18 | AK10: =+AF10 -> 255476.4 | AL10: 0 | AM10: 0 | AN10: 0 | AO10: 0 | AP10: 285.95141 | AQ10: Самарадорлиги паст | AR10: =+AX10/$AX$7 -> 0.030628407 | AS10: 8333.3333 | AT10: 2083.3333 | AU10: Йуқ | AV10: Йуқ | AW10: 2 | AX10: =+AI10+AK10 -> 735391.41
B11: 11581 | C11: Халқ банк | D11: Халқ банк Ангрен БХМ | E11: 0 | F11: 1 | G11: 0 | H11: 20000 | I11: 1 | J11: 20000 | K11: 0 | L11: 0 | M11: 0 | N11: 0 | O11: 0 | P11: 0 | Q11: 0 | V11: =+S11 -> 0 | W11: =+U11 -> 0 | X11: =+R11 -> 0 | Y11: =+T11 -> 0 | Z11: =((+S11)/3)*4 -> 0 | AA11: =((+U11)/3)*4 -> 0 | AB11: 0 | AC11: 0 | AD11: 0 | AE11: 0 | AF11: 0 | AG11: 0 | AH11: =+AE11 -> 0 | AI11: =+AG11 -> 0 | AJ11: =+AD11 -> 0 | AK11: =+AF11 -> 0 | AL11: 0 | AM11: 0 | AN11: 0 | AO11: 0 | AP11: 0 | AQ11: Самарадорлиги паст | AR11: =+AX11/$AX$7 -> 0 | AS11: 0 | AT11: 0 | AU11: Бор | AV11: Бор | AW11: 2 | AX11: =+AI11+AK11 -> 0
B12: 11446 | C12: Ҳамкорбанк | D12: Ҳамкорбанк Ангрен филиали | E12: 144 | F12: 497 | G12: 6624224 | H12: 5415037.3 | I12: 362 | J12: 3795802.2 | K12: 98 | L12: 4560687.8 | M12: 0 | N12: 0 | O12: 0 | P12: 0 | Q12: 208.82136 | R12: 167 | S12: =+VLOOKUP(B12,[1]Лист2!$A$4:$B$188,2,0) -> 410 | T12: 8570989.6 | U12: =+VLOOKUP(B12,[1]Лист2!$A$4:$C$188,3,0) -> 9897753.4 | V12: =+S12 -> 410 | W12: =+U12 -> 9897753.4 | X12: =+R12 -> 167 | Y12: =+T12 -> 8570989.6 | Z12: 0 | AA12: 0 | AB12: 0 | AC12: 0 | AD12: 228 | AE12: 496 | AF12: 9473619 | AG12: 10208588 | AH12: =+AE12 -> 496 | AI12: =+AG12 -> 10208588 | AJ12: =+AD12 -> 228 | AK12: =+AF12 -> 9473619 | AL12: 0 | AM12: 0 | AN12: 0 | AO12: 0 | AP12: 1846.6504 | AQ12: Самарадор | AR12: =+AX12/$AX$7 -> 0.81974665 | AS12: 417384 | AT12: 104346 | AU12: Бор | AV12: Бор | AW12: 1 | AX12: =+AI12+AK12 -> 19682207
A13: Бекобод тумани | C13: Бекобод тумани | E13: =+SUM(E14:E15) -> 5 | F13: =+SUM(F14:F15) -> 7 | G13: =+SUM(G14:G15) -> 93135 | H13: =+SUM(H14:H15) -> 166500 | I13: =+SUM(I14:I15) -> 5 | J13: =+SUM(J14:J15) -> 133500 | K13: =+SUM(K14:K15) -> 3 | L13: =+SUM(L14:L15) -> 83036 | ... AP13: =+SUM(AP14:AP15) -> 11.4975 | AQ13: Самарадорлиги паст | AS13: =+SUM(AS14:AS15) -> 0 | AT13: =+SUM(AT14:AT15) -> 0 | AW13: =+SUM(AW14:AW15) -> 4 | AX13: =+AI13+AK13+AM13+AO13 -> 354250 | AY13: =+AX13/$AX$6 -> 0.00054578307
B14: 468 | C14: Агробанк | D14: Агробанк Бекобод филиали | E14: 5 | F14: 7 | G14: 93135 | H14: 166500 | I14: 5 | J14: 133500 | K14: 3 | L14: 83036 | M14: 0 | N14: 0 | O14: 0 | P14: 0 | Q14: 0 | R14: 3 | T14: 38275 | V14: =+S14 -> 0 | W14: =+U14 -> 0 | X14: =+R14 -> 3 | Y14: =+T14 -> 38275 | Z14: =((+S14)/3)*4 -> 0 | AA14: =((+U14)/3)*4 -> 0 | AB14: 0 | AC14: 0 | AD14: 2 | AE14: 2 | AF14: 38250 | AG14: 60000 | AH14: =+AE14 -> 2 | AI14: =+AG14 -> 60000 | AJ14: =+AD14 -> 2 | AK14: =+AF14 -> 38250 | AL14: 0 | AM14: 0 | AN14: 0 | AO14: 0 | AP14: 7.035 | AQ14: Барқарор | AR14: =+AX14/$AX$13 -> 0.27734651 | AS14: 0 | AT14: 0 | AU14: Бор | AV14: Бор | AW14: 2 | AX14: =+AI14+AK14 -> 98250
B15: 11634 | C15: Халқ банк | D15: Халқ банк Бекобод БХМ | E15: 0 | F15: 0 | G15: 0 | H15: 0 | I15: 0 | J15: 0 | K15: 0 | L15: 0 | M15: 0 | N15: 0 | O15: 0 | P15: 0 | Q15: 4.4625 | V15: =+S15 -> 0 | W15: =+U15 -> 0 | X15: =+R15 -> 0 | Y15: =+T15 -> 0 | Z15: =((+S15)/3)*4 -> 0 | AA15: =((+U15)/3)*4 -> 0 | AB15: 0 | AC15: 0 | AD15: 2 | AE15: 0 | AF15: 256000 | AG15: 0 | AH15: =+AE15 -> 0 | AI15: =+AG15 -> 0 | AJ15: =+AD15 -> 2 | AK15: =+AF15 -> 256000 | AL15: 0 | AM15: 0 | AN15: 0 | AO15: 0 | AP15: 4.4625 | AQ15: Самарадор | AR15: =+AX15/$AX$13 -> 0.72265349 | AS15: 0 | AT15: 0 | AU15: Бор | AV15: Бор | AW15: 2 | AX15: =+AI15+AK15 -> 256000
A16: Бекобод шаҳар | C16: Бекобод шаҳар | E16: =+SUM(E17:E19) -> 173 | F16: =+SUM(F17:F19) -> 164 | G16: =+SUM(G17:G19) -> 44957952 | H16: =+SUM(H17:H19) -> 7024960.4 | I16: =+SUM(I17:I19) -> 111 | J16: =+SUM(J17:J19) -> 4263442 | K16: =+SUM(K17:K19) -> 125 | L16: =+SUM(L17:L19) -> 42582191 | ... AP16: =+SUM(AP17:AP19) -> 6340.3611 | AQ16: Барқарор | AS16: =+SUM(AS17:AS19) -> 347622.69 | AT16: =+SUM(AT17:AT19) -> 220626.34 | AU16: =+SUM(AU17:AU19) -> 0 | AV16: =+SUM(AV17:AV19) -> 0 | AW16: =+SUM(AW17:AW19) -> 6 | AX16: =+AI16+AK16+AM16+AO16 -> 46647232 | AY16: =+AX16/$AX$6 -> 0.071868086
B17: 489 | C17: Ипотека банк | D17: Ипотека банк Бекобод филиали | E17: 43 | F17: 76 | G17: 3058598.3 | H17: 4475589.3 | I17: 53 | J17: 2950376.4 | K17: 37 | L17: 2873448.3 | M17: 0 | N17: 0 | O17: 0 | P17: 0 | Q17: 206.62577 | R17: 27 | S17: =+VLOOKUP(B17,[1]Лист2!$A$4:$B$188,2,0) -> 25 | T17: 1670879.6 | U17: =+VLOOKUP(B17,[1]Лист2!$A$4:$C$188,3,0) -> 1232167.7 | V17: =+S17 -> 25 | W17: =+U17 -> 1232167.7 | X17: =+R17 -> 27 | Y17: =+T17 -> 1670879.6 | Z17: 0 | AA17: 0 | AB17: 0 | AC17: 0 | AD17: 29 | AE17: 31 | AF17: 2832942.3 | AG17: 925115.22 | AH17: =+AE17 -> 31 | AI17: =+AG17 -> 925115.22 | AJ17: =+AD17 -> 29 | AK17: =+AF17 -> 2832942.3 | AL17: 0 | AM17: 0 | AN17: 0 | AO17: 0 | AP17: 2307.3477 | AQ17: Ўртача | AR17: =+AX17/$AX$16 -> 0.080563356 | AS17: 102562.67 | AT17: 159361.33 | AU17: Бор | AV17: Бор | AW17: 2 | AX17: =+AI17+AK17 -> 3758057.5
B18: 11256 | C18: Миллийбанк | D18: Миллийбанк Бекобод БХМ | E18: 112 | F18: 58 | G18: 41641915 | H18: 2442977.9 | I18: 31 | J18: 1225942.2 | K18: 77 | L18: 39575775 | M18: 0 | N18: 0 | O18: 0 | P18: 0 | Q18: 854.08928 | R18: 139 | S18: =+VLOOKUP(B18,[1]Лист2!$A$4:$B$188,2,0) -> 61 | T18: 23003054 | U18: =+VLOOKUP(B18,[1]Лист2!$A$4:$C$188,3,0) -> 3285989.1 | V18: =+S18 -> 61 | W18: =+U18 -> 3285989.1 | X18: =+R18 -> 139 | Y18: =+T18 -> 23003054 | Z18: 0 | AA18: 0 | AB18: 0 | AC18: 0 | AD18: 130 | AE18: 81 | AF18: 37918546 | AG18: 4498509.9 | AH18: =+AE18 -> 81 | AI18: =+AG18 -> 4498509.9 | AJ18: =+AD18 -> 130 | AK18: =+AF18 -> 37918546 | AL18: 0 | AM18: 0 | AN18: 0 | AO18: 0 | AP18: 3116.4955 | AQ18: Самарадор | AR18: =+AX18/$AX$16 -> 0.9093156 | AS18: 235657.36 | AT18: 58914.339 | AU18: Бор | AV18: Бор | AW18: 2 | AX18: =+AI18+AK18 -> 42417055
B19: 11203 | C19: Ўзсаноатқурилишбанк | D19: Ўзсаноатқурилишбанк Бекобод БХМ | E19: 18 | F19: 30 | G19: 257438.07 | H19: 106393.3 | I19: 27 | J19: 87123.3 | K19: 11 | L19: 132967.09 | M19: 0 | N19: 0 | O19: 0 | P19: 0 | Q19: 1041.2382 | R19: 8 | S19: =+VLOOKUP(B19,[1]Лист2!$A$4:$B$188,2,0) -> 16 | T19: 180733 | U19: =+VLOOKUP(B19,[1]Лист2!$A$4:$C$188,3,0) -> 61285.95 | V19: =+S19 -> 16 | W19: =+U19 -> 61285.95 | X19: =+R19 -> 8 | Y19: =+T19 -> 180733 | Z19: 0 | AA19: 0 | AB19: 0 | AC19: 0 | AD19: 21 | AE19: 22 | AF19: 385535.14 | AG19: 86583.61 | AH19: =+AE19 -> 22 | AI19: =+AG19 -> 86583.61 | AJ19: =+AD19 -> 21 | AK19: =+AF19 -> 385535.14 | AL19: 0 | AM19: 0 | AN19: 0 | AO19: 0 | AP19: 916.51787 | AQ19: Самарадорлиги паст | AR19: =+AX19/$AX$16 -> 0.010121045 | AS19: 9402.6667 | AT19: 2350.6667 | AU19: Бор | AV19: Бор | AW19: 2 | AX19: =+AI19+AK19 -> 472118.75
A20: Бўка тумани | C20: Бўка тумани | E20: =+E21+E22 -> 4 | F20: =+F21+F22 -> 7 | G20: =+G21+G22 -> 105870 | H20: =+H21+H22 -> 190051.13 | I20: =+I21+I22 -> 6 | J20: =+J21+J22 -> 160603.13 | K20: =+K21+K22 -> 2 | L20: =+L21+L22 -> 59970 | ... AP20: =+AP21+AP22 -> 6.10188 | AQ20: Самарадорлиги паст | AR20: =+AR21+AR22 -> 1 | AS20: =+AS21+AS22 -> 7066.6667 | AT20: =+AT21+AT22 -> 0 | AW20: =+AW21+AW22 -> 4 | AX20: =+AI20+AK20+AM20+AO20 -> 543379.24 | AY20: =+AX20/$AX$6 -> 0.0008371692
B21: 463 | C21: Агробанк | D21: Агробанк Бўка филиали | E21: 0 | F21: 0 | G21: 0 | H21: 0 | I21: 0 | J21: 0 | K21: 0 | L21: 0 | M21: 0 | N21: 0 | O21: 0 | P21: 0 | Q21: 0 | V21: =+S21 -> 0 | W21: =+U21 -> 0 | X21: =+R21 -> 0 | Y21: =+T21 -> 0 | Z21: =((+S21)/3)*4 -> 0 | AA21: =((+U21)/3)*4 -> 0 | AB21: 0 | AC21: 0 | AD21: 5 | AE21: 0 | AF21: 52474.94 | AG21: 0 | AH21: =+AE21 -> 0 | AI21: =+AG21 -> 0 | AJ21: =+AD21 -> 5 | AK21: =+AF21 -> 52474.94 | AL21: 0 | AM21: 0 | AN21: 0 | AO21: 0 | AP21: 0 | AQ21: Ўртача | AR21: =+AX21/$AX$20 -> 0.096571485 | AS21: 0 | AT21: 0 | AU21: Бор | AV21: Бор | AW21: 2 | AX21: =+AI21+AK21 -> 52474.94
B22: 10792 | C22: Ўзсаноатқурилишбанк | D22: Ўзсаноатқурилишбанк Бўка БХМ | E22: 4 | F22: 7 | G22: 105870 | H22: 190051.13 | I22: 6 | J22: 160603.13 | K22: 2 | L22: 59970 | M22: 0 | N22: 0 | O22: 0 | P22: 0 | Q22: 21.00188 | R22: 2 | S22: =+VLOOKUP(B22,[1]Лист2!$A$4:$B$188,2,0) -> 7 | T22: 24727.95 | U22: =+VLOOKUP(B22,[1]Лист2!$A$4:$C$188,3,0) -> 431626.06 | V22: =+S22 -> 7 | W22: =+U22 -> 431626.06 | X22: =+R22 -> 2 | Y22: =+T22 -> 24727.95 | Z22: 0 | AA22: 0 | AB22: 0 | AC22: 0 | AD22: 1 | AE22: 11 | AF22: 96120 | AG22: 394784.3 | AH22: =+AE22 -> 11 | AI22: =+AG22 -> 394784.3 | AJ22: =+AD22 -> 1 | AK22: =+AF22 -> 96120 | AL22: 0 | AM22: 0 | AN22: 0 | AO22: 0 | AP22: 6.10188 | AQ22: Самарадор | AR22: =+AX22/$AX$20 -> 0.90342852 | AS22: 7066.6667 | AT22: 0 | AU22: Йуқ | AV22: Йуқ | AW22: 2 | AX22: =+AI22+AK22 -> 490904.3
A23: Бўстонлиқ тумани | C23: Бўстонлиқ тумани | E23: =+SUM(E24:E27) -> 24 | F23: =+SUM(F24:F27) -> 1 | G23: =+SUM(G24:G27) -> 1176373.3 | H23: =+SUM(H24:H27) -> 8000 | I23: =+SUM(I24:I27) -> 1 | J23: =+SUM(J24:J27) -> 8000 | K23: =+SUM(K24:K27) -> 7 | L23: =+SUM(L24:L27) -> 144831.92 | ... AP23: =+SUM(AP24:AP27) -> 266.42876 | AQ23: Самарадорлиги паст | AR23: =+SUM(AR24:AR27) -> 1 | AS23: =+SUM(AS24:AS27) -> 145900 | AT23: =+SUM(AT24:AT27) -> 36475 | AW23: =+SUM(AW24:AW27) -> 8 | AX23: =+AI23+AK23+AM23+AO23 -> 452897.5 | AY23: =+AX23/$AX$6 -> 0.00069776652
B24: 12129 | C24: Бизнесни ривожлантириш банки | D24: Бизнесни ривожлантириш банки Бўстонлиқ БХМ | E24: 8 | F24: 1 | G24: 145131.73 | H24: 8000 | I24: 1 | J24: 8000 | K24: 7 | L24: 144831.92 | M24: 0 | N24: 0 | O24: 0 | P24: 0 | Q24: 30.844 | S24: =+VLOOKUP(B24,[1]Лист2!$A$4:$B$188,2,0) -> 1 | U24: =+VLOOKUP(B24,[1]Лист2!$A$4:$C$188,3,0) -> 2000 | V24: =+S24 -> 1 | W24: =+U24 -> 2000 | X24: =+R24 -> 0 | Y24: =+T24 -> 0 | Z24: 0 | AA24: 0 | AB24: 0 | AC24: 0 | AD24: 0 | AE24: 0 | AF24: 0 | AG24: 0 | AH24: =+AE24 -> 0 | AI24: =+AG24 -> 0 | AJ24: =+AD24 -> 0 | AK24: =+AF24 -> 0 | AL24: 0 | AM24: 0 | AN24: 0 | AO24: 0 | AP24: 66.25898 | AQ24: Самарадорлиги паст | AR24: =+AX24/$AX$23 -> 0 | AS24: 73354.667 | AT24: 18338.667 | AU24: Йуқ | AV24: Йуқ | AW24: 2 | AX24: =+AI24+AK24 -> 0
B25: 12090 | C25: Гарант банк | D25: Гарант банк Бўстонлиқ БХМ | E25: 5 | F25: 0 | G25: 305464.73 | H25: 0 | I25: 0 | J25: 0 | K25: 0 | L25: 0 | M25: 0 | N25: 0 | O25: 4 | P25: 266420.73 | Q25: 6.3304 | R25: 9 | S25: =+VLOOKUP(B25,[1]Лист2!$A$4:$B$188,2,0) -> 3 | T25: 811077.46 | U25: =+VLOOKUP(B25,[1]Лист2!$A$4:$C$188,3,0) -> 18788.98 | V25: =+S25 -> 3 | W25: =+U25 -> 18788.98 | X25: =+R25 -> 9 | Y25: =+T25 -> 811077.46 | Z25: 0 | AA25: 0 | AB25: 0 | AC25: 0 | AD25: 4 | AE25: 5 | AF25: 338044 | AG25: 66854.7 | AH25: =+AE25 -> 5 | AI25: =+AG25 -> 66854.7 | AJ25: =+AD25 -> 4 | AK25: =+AF25 -> 338044 | AL25: 0 | AM25: 0 | AN25: 0 | AO25: 0 | AP25: 32.84186 | AQ25: Самарадор | AR25: =+AX25/$AX$23 -> 0.8940184 | AS25: 62812 | AT25: 15703 | AU25: Бор | AV25: Бор | AW25: 2 | AX25: =+AI25+AK25 -> 404898.7
B26: 11413 | C26: Микрокредитбанк | D26: Микрокредитбанк Бўстонлиқ БХМ | E26: 6 | F26: 0 | G26: 370187.8 | H26: 0 | I26: 0 | J26: 0 | K26: 0 | L26: 0 | M26: 0 | N26: 0 | O26: 4 | P26: 89761.8 | Q26: 17.6382 | R26: 4 | S26: =+VLOOKUP(B26,[1]Лист2!$A$4:$B$188,2,0) -> 1 | T26: 90434 | U26: =+VLOOKUP(B26,[1]Лист2!$A$4:$C$188,3,0) -> 80000 | V26: =+S26 -> 1 | W26: =+U26 -> 80000 | X26: =+R26 -> 4 | Y26: =+T26 -> 90434 | Z26: 0 | AA26: 0 | AB26: 0 | AC26: 0 | AD26: 6 | AE26: 0 | AF26: 45638.8 | AG26: 0 | AH26: =+AE26 -> 0 | AI26: =+AG26 -> 0 | AJ26: =+AD26 -> 6 | AK26: =+AF26 -> 45638.8 | AL26: 0 | AM26: 0 | AN26: 0 | AO26: 0 | AP26: 167.32792 | AQ26: Ўртача | AR26: =+AX26/$AX$23 -> 0.1007707 | AS26: 9733.3333 | AT26: 2433.3333 | AU26: Йуқ | AV26: Йуқ | AW26: 2 | AX26: =+AI26+AK26 -> 45638.8
B27: 11183 | C27: Миллийбанк | D27: Миллийбанк Бўстонлиқ БХМ | E27: 5 | F27: 0 | G27: 355589 | H27: 0 | I27: 0 | J27: 0 | K27: 0 | L27: 0 | M27: 0 | N27: 0 | O27: 5 | P27: 355589 | Q27: 0 | V27: =+S27 -> 0 | W27: =+U27 -> 0 | X27: =+R27 -> 0 | Y27: =+T27 -> 0 | Z27: =((+S27)/3)*4 -> 0 | AA27: =((+U27)/3)*4 -> 0 | AB27: 0 | AC27: 0 | AD27: 0 | AE27: 1 | AF27: 0 | AG27: 2360 | AH27: =+AE27 -> 1 | AI27: =+AG27 -> 2360 | AJ27: =+AD27 -> 0 | AK27: =+AF27 -> 0 | AL27: 0 | AM27: 0 | AN27: 0 | AO27: 0 | AP27: 0 | AQ27: Самарадорлиги паст | AR27: =+AX27/$AX$23 -> 0.0052108921 | AS27: 0 | AT27: 0 | AU27: Бор | AV27: Бор | AW27: 2 | AX27: =+AI27+AK27 -> 2360
A28: Зангиота тумани | C28: Зангиота тумани | E28: =+SUM(E29:E34) -> 794 | F28: =+SUM(F29:F34) -> 98 | G28: =+SUM(G29:G34) -> 31944779 | H28: =+SUM(H29:H34) -> 2491610.8 | I28: =+SUM(I29:I34) -> 71 | J28: =+SUM(J29:J34) -> 2022301.4 | K28: =+SUM(K29:K34) -> 565 | L28: =+SUM(L29:L34) -> 22035466 | ... AP28: =+SUM(AP29:AP34) -> 8437.1089 | AQ28: Барқарор | AS28: =+SUM(AS29:AS34) -> 1565486 | AT28: =+SUM(AT29:AT34) -> 415689.03 | AW28: =+SUM(AW29:AW34) -> 10 | AX28: =+AI28+AK28+AM28+AO28 -> 48832635 | AY28: =+AX28/$AX$6 -> 0.075235075
B29: 12091 | C29: Гарант банк | D29: Гарант банк Зангиота БХМ | E29: 54 | F29: 1 | G29: 5363899.8 | H29: 7796.71 | I29: 0 | J29: 0 | K29: 0 | L29: 0 | M29: 0 | N29: 0 | O29: 28 | P29: 706132.7 | Q29: 87.8634 | R29: 28 | S29: =+VLOOKUP(B29,[1]Лист2!$A$4:$B$188,2,0) -> 1 | T29: 1229327.4 | U29: =+VLOOKUP(B29,[1]Лист2!$A$4:$C$188,3,0) -> 30000 | V29: =+S29 -> 1 | W29: =+U29 -> 30000 | X29: =+R29 -> 28 | Y29: =+T29 -> 1229327.4 | Z29: 0 | AA29: 0 | AB29: 0 | AC29: 0 | AD29: 75 | AE29: 1 | AF29: 8996046.8 | AG29: 12000 | AH29: =+AE29 -> 1 | AI29: =+AG29 -> 12000 | AJ29: =+AD29 -> 75 | AK29: =+AF29 -> 8996046.8 | AL29: 0 | AM29: 0 | AN29: 0 | AO29: 0 | AP29: 714.71053 | AQ29: Барқарор | AR29: =+AX29/$AX$28 -> 0.18446776 | AS29: 433102.54 | AT29: 108275.63 | AU29: Бор | AV29: Бор | AW29: 2 | AX29: =+AI29+AK29 -> 9008046.8
B30: 1080 | C30: Инфинбанк | D30: Инфинбанк Зангиота филиали | E30: 167 | F30: 55 | G30: 5144261.6 | H30: 1187320.6 | I30: 38 | J30: 903333.57 | K30: 84 | L30: 2870939.8 | M30: 0 | N30: 0 | O30: 0 | P30: 0 | Q30: 345.0125 | R30: 147 | S30: =+VLOOKUP(B30,[1]Лист2!$A$4:$B$188,2,0) -> 50 | T30: 7282514.1 | U30: =+VLOOKUP(B30,[1]Лист2!$A$4:$C$188,3,0) -> 3216836.2 | V30: =+S30 -> 50 | W30: =+U30 -> 3216836.2 | X30: =+R30 -> 147 | Y30: =+T30 -> 7282514.1 | Z30: 0 | AA30: 0 | AB30: 0 | AC30: 0 | AD30: 186 | AE30: 52 | AF30: 8171521.3 | AG30: 2218514.9 | AH30: =+AE30 -> 52 | AI30: =+AG30 -> 2218514.9 | AJ30: =+AD30 -> 186 | AK30: =+AF30 -> 8171521.3 | AL30: 0 | AM30: 0 | AN30: 0 | AO30: 0 | AP30: 331.11328 | AQ30: Барқарор | AR30: =+AX30/$AX$28 -> 0.21276829 | AS30: 391470.67 | AT30: 97867.667 | AU30: Йуқ | AV30: Йуқ | AW30: 1 | AX30: =+AI30+AK30 -> 10390036
B31: 1130 | C31: Ипотека банк | D31: Ипотека банк Зангиота филиали | E31: 19 | F31: 6 | G31: 319698.75 | H31: 117586.61 | I31: 2 | J31: 42312 | K31: 16 | L31: 254198.75 | M31: 0 | N31: 0 | O31: 0 | P31: 0 | Q31: 3646.108 | R31: 54 | S31: =+VLOOKUP(B31,[1]Лист2!$A$4:$B$188,2,0) -> 11 | T31: 2834041.3 | U31: =+VLOOKUP(B31,[1]Лист2!$A$4:$C$188,3,0) -> 1492716.6 | V31: =+S31 -> 11 | W31: =+U31 -> 1492716.6 | X31: =+R31 -> 54 | Y31: =+T31 -> 2834041.3 | Z31: 0 | AA31: 0 | AB31: 0 | AC31: 0 | AD31: 45 | AE31: 11 | AF31: 1430822.5 | AG31: 766822.55 | AH31: =+AE31 -> 11 | AI31: =+AG31 -> 766822.55 | AJ31: =+AD31 -> 45 | AK31: =+AF31 -> 1430822.5 | AL31: 0 | AM31: 0 | AN31: 0 | AO31: 0 | AP31: 3707.5005 | AQ31: Ўртача | AR31: =+AX31/$AX$28 -> 0.045003615 | AS31: 27754.107 | AT31: 31256.059 | AU31: Бор | AV31: Бор | AW31: 2 | AX31: =+AI31+AK31 -> 2197645.1
B32: 11291 | C32: Туронбанк | D32: Туронбанк Зангиота филиали | E32: 127 | F32: 16 | G32: 3797021.6 | H32: 890187.23 | I32: 16 | J32: 890187.23 | K32: 127 | L32: 3797021.6 | M32: 0 | N32: 0 | O32: 0 | P32: 0 | Q32: 0 | R32: 172 | S32: =+VLOOKUP(B32,[1]Лист2!$A$4:$B$188,2,0) -> 47 | T32: 7047594.9 | U32: =+VLOOKUP(B32,[1]Лист2!$A$4:$C$188,3,0) -> 811033.88 | V32: =+S32 -> 47 | W32: =+U32 -> 811033.88 | X32: =+R32 -> 172 | Y32: =+T32 -> 7047594.9 | Z32: 0 | AA32: 0 | AB32: 0 | AC32: 0 | AD32: 148 | AE32: 80 | AF32: 9022267.1 | AG32: 5333256.8 | AH32: =+AE32 -> 80 | AI32: =+AG32 -> 5333256.8 | AJ32: =+AD32 -> 148 | AK32: =+AF32 -> 9022267.1 | AL32: 0 | AM32: 0 | AN32: 0 | AO32: 0 | AP32: 960.3055 | AQ32: Самарадор | AR32: =+AX32/$AX$28 -> 0.29397398 | AS32: 451129.33 | AT32: 112782.33 | AU32: Бор | AV32: Бор | AW32: 2 | AX32: =+AI32+AK32 -> 14355524
B33: 11853 | C33: Универсалбанк | D33: Универсалбанк Зангиота филиали | E33: 419 | F33: 13 | G33: 17106718 | H33: 240623.46 | I33: 10 | J33: 151629.78 | K33: 335 | L33: 15004506 | M33: 0 | N33: 0 | O33: 0 | P33: 0 | Q33: 279.16267 | R33: 393 | S33: =+VLOOKUP(B33,[1]Лист2!$A$4:$B$188,2,0) -> 10 | T33: 9483793 | U33: =+VLOOKUP(B33,[1]Лист2!$A$4:$C$188,3,0) -> 333552.99 | V33: =+S33 -> 10 | W33: =+U33 -> 333552.99 | X33: =+R33 -> 393 | Y33: =+T33 -> 9483793 | Z33: 0 | AA33: 0 | AB33: 0 | AC33: 0 | AD33: 679 | AE33: 2 | AF33: 12693159 | AG33: 11822.4 | AH33: =+AE33 -> 2 | AI33: =+AG33 -> 11822.4 | AJ33: =+AD33 -> 679 | AK33: =+AF33 -> 12693159 | AL33: 0 | AM33: 0 | AN33: 0 | AO33: 0 | AP33: 2498.8372 | AQ33: Самарадор | AR33: =+AX33/$AX$28 -> 0.26017399 | AS33: 262029.33 | AT33: 65507.333 | AU33: Бор | AV33: Йуқ | AW33: 1 | AX33: =+AI33+AK33 -> 12704981
B34: 11579 | C34: Халқ банк | D34: Халқ банк Зангиота БХМ | E34: 8 | F34: 7 | G34: 213179.18 | H34: 48096.16 | I34: 5 | J34: 34838.78 | K34: 3 | L34: 108800 | M34: 0 | N34: 0 | O34: 0 | P34: 0 | Q34: 1080.9696 | R34: 3 | T34: 149600 | V34: =+S34 -> 0 | W34: =+U34 -> 0 | X34: =+R34 -> 3 | Y34: =+T34 -> 149600 | Z34: =((+S34)/3)*4 -> 0 | AA34: =((+U34)/3)*4 -> 0 | AB34: 0 | AC34: 0 | AD34: 3 | AE34: 0 | AF34: 176401.5 | AG34: 0 | AH34: =+AE34 -> 0 | AI34: =+AG34 -> 0 | AJ34: =+AD34 -> 3 | AK34: =+AF34 -> 176401.5 | AL34: 0 | AM34: 0 | AN34: 0 | AO34: 0 | AP34: 224.64192 | AQ34: Самарадорлиги паст | AR34: =+AX34/$AX$28 -> 0.0036123691 | AS34: 0 | AT34: 0 | AU34: Бор | AV34: Бор | AW34: 2 | AX34: =+AI34+AK34 -> 176401.5
A35: Қибрай тумани | C35: Қибрай тумани | E35: =+SUM(E36:E38) -> 177 | F35: =+SUM(F36:F38) -> 205 | G35: =+SUM(G36:G38) -> 5871250.8 | H35: =+SUM(H36:H38) -> 19816751 | I35: =+SUM(I36:I38) -> 140 | J35: =+SUM(J36:J38) -> 14115374 | K35: =+SUM(K36:K38) -> 97 | L35: =+SUM(L36:L38) -> 2387557.6 | ... AP35: =+SUM(AP36:AP38) -> 13998.91 | AQ35: Ўртача | AR35: =+SUM(AR36:AR38) -> 1 | AS35: =+SUM(AS36:AS38) -> 255719.03 | AT35: =+SUM(AT36:AT38) -> 63929.757 | AW35: =+SUM(AW36:AW38) -> 5 | AX35: =+AI35+AK35+AM35+AO35 -> 16273776 | AY35: =+AX35/$AX$6 -> 0.025072552
B36: 1056 | C36: Инфинбанк | D36: Инфинбанк Қибрай филиали | E36: 159 | F36: 192 | G36: 5404388.5 | H36: 19227676 | I36: 129 | J36: 13736299 | K36: 87 | L36: 2059413 | M36: 0 | N36: 0 | O36: 0 | P36: 0 | Q36: 8315.4251 | R36: 96 | S36: =+VLOOKUP(B36,[1]Лист2!$A$4:$B$188,2,0) -> 138 | T36: 1333145.5 | U36: =+VLOOKUP(B36,[1]Лист2!$A$4:$C$188,3,0) -> 10797419 | V36: =+S36 -> 138 | W36: =+U36 -> 10797419 | X36: =+R36 -> 96 | Y36: =+T36 -> 1333145.5 | Z36: 0 | AA36: 0 | AB36: 0 | AC36: 0 | AD36: 104 | AE36: 179 | AF36: 2900235 | AG36: 12102516 | AH36: =+AE36 -> 179 | AI36: =+AG36 -> 12102516 | AJ36: =+AD36 -> 104 | AK36: =+AF36 -> 2900235 | AL36: 0 | AM36: 0 | AN36: 0 | AO36: 0 | AP36: 8356.3287 | AQ36: Самарадор | AR36: =+AX36/$AX$35 -> 0.92189731 | AS36: 235083.03 | AT36: 58770.757 | AU36: Йуқ | AV36: Бор | AW36: 1 | AX36: =+AI36+AK36 -> 15002751
B37: 11202 | C37: Ўзсаноатқурилишбанк | D37: Ўзсаноатқурилишбанк Қибрай БХМ | E37: 18 | F37: 13 | G37: 466862.28 | H37: 589075.01 | I37: 11 | J37: 379075.01 | K37: 10 | L37: 328144.68 | M37: 0 | N37: 0 | O37: 0 | P37: 0 | Q37: 809.20984 | R37: 11 | S37: =+VLOOKUP(B37,[1]Лист2!$A$4:$B$188,2,0) -> 10 | T37: 132868.46 | U37: =+VLOOKUP(B37,[1]Лист2!$A$4:$C$188,3,0) -> 100881.36 | V37: =+S37 -> 10 | W37: =+U37 -> 100881.36 | X37: =+R37 -> 11 | Y37: =+T37 -> 132868.46 | Z37: 0 | AA37: 0 | AB37: 0 | AC37: 0 | AD37: 27 | AE37: 10 | AF37: 534136.23 | AG37: 206826.62 | AH37: =+AE37 -> 10 | AI37: =+AG37 -> 206826.62 | AJ37: =+AD37 -> 27 | AK37: =+AF37 -> 534136.23 | AL37: 0 | AM37: 0 | AN37: 0 | AO37: 0 | AP37: 5409.6016 | AQ37: Самарадорлиги паст | AR37: =+AX37/$AX$35 -> 0.045531094 | AS37: 20636 | AT37: 5159 | AU37: Бор | AV37: Бор | AW37: 2 | AX37: =+AI37+AK37 -> 740962.85
B38: 11490 | C38: Халқ банк | D38: Халқ банк Қибрай БХМ | E38: 0 | F38: 0 | G38: 0 | H38: 0 | I38: 0 | J38: 0 | K38: 0 | L38: 0 | M38: 0 | N38: 0 | O38: 0 | P38: 0 | Q38: 941.60009 | R38: 11 | T38: 1050899.9 | V38: =+S38 -> 0 | W38: =+U38 -> 0 | X38: =+R38 -> 11 | Y38: =+T38 -> 1050899.9 | Z38: =((+S38)/3)*4 -> 0 | AA38: =((+U38)/3)*4 -> 0 | AB38: 0 | AC38: 0 | AD38: 6 | AE38: 0 | AF38: 530062.9 | AG38: 0 | AH38: =+AE38 -> 0 | AI38: =+AG38 -> 0 | AJ38: =+AD38 -> 6 | AK38: =+AF38 -> 530062.9 | AL38: 0 | AM38: 0 | AN38: 0 | AO38: 0 | AP38: 232.98013 | AQ38: Самарадорлиги паст | AR38: =+AX38/$AX$35 -> 0.032571598 | AS38: 0 | AT38: 0 | AU38: Бор | AV38: Бор | AW38: 2 | AX38: =+AI38+AK38 -> 530062.9
A39: Қуйичирчиқ тумани | C39: Қуйичирчиқ тумани | E39: =+E40 -> 1 | F39: =+F40 -> 0 | G39: =+G40 -> 14040 | H39: =+H40 -> 0 | I39: =+I40 -> 0 | J39: =+J40 -> 0 | K39: =+K40 -> 0 | L39: =+L40 -> 0 | ... AP39: =+AP40 -> 30.13978 | AQ39: Самарадорлиги паст | AS39: =+AS40 -> 0 | AT39: =+AT40 -> 0 | AW39: =+AW40 -> 2 | AX39: =+AI39+AK39+AM39+AO39 -> 0 | AY39: =+AX39/$AX$6 -> 0
B40: 474 | C40: Агробанк | D40: Агробанк Қуйичирчиқ филиали | E40: 1 | F40: 0 | G40: 14040 | H40: 0 | I40: 0 | J40: 0 | K40: 0 | L40: 0 | M40: 0 | N40: 0 | O40: 1 | P40: 14040 | Q40: 1.573 | R40: 1 | T40: 20000 | V40: =+S40 -> 0 | W40: =+U40 -> 0 | X40: =+R40 -> 1 | Y40: =+T40 -> 20000 | Z40: =((+S40)/3)*4 -> 0 | AA40: =((+U40)/3)*4 -> 0 | AB40: 0 | AC40: 0 | AD40: 0 | AE40: 0 | AF40: 0 | AG40: 0 | AH40: =+AE40 -> 0 | AI40: =+AG40 -> 0 | AJ40: =+AD40 -> 0 | AK40: =+AF40 -> 0 | AL40: 0 | AM40: 0 | AN40: 0 | AO40: 0 | AP40: 30.13978 | AQ40: Самарадорлиги паст | AS40: 0 | AT40: 0 | AU40: Бор | AV40: Бор | AW40: 2 | AX40: =+AI40+AK40 -> 0
A41: Нурафшон шаҳар | C41: Нурафшон шаҳар | E41: =+SUM(E42:E49) -> 408 | F41: =+SUM(F42:F49) -> 399 | G41: =+SUM(G42:G49) -> 28428307 | H41: =+SUM(H42:H49) -> 8695745.7 | I41: =+SUM(I42:I49) -> 253 | J41: =+SUM(J42:J49) -> 5065425.5 | K41: =+SUM(K42:K49) -> 260 | L41: =+SUM(L42:L49) -> 14373065 | ... AP41: =+SUM(AP42:AP49) -> 16200.966 | AQ41: Ўртача | AS41: =+SUM(AS42:AS49) -> 1002436.7 | AT41: =+SUM(AT42:AT49) -> 250609.19 | AW41: =+SUM(AW42:AW49) -> 15 | AX41: =+AI41+AK41+AM41+AO41 -> 26850662 | AY41: =+AX41/$AX$6 -> 0.041368064
B42: 475 | C42: Агробанк | D42: Агробанк ҳудудий филиали | E42: 28 | F42: 13 | G42: 5922213.8 | H42: 401536.82 | I42: 10 | J42: 371673.45 | K42: 20 | L42: 4437933 | M42: 0 | N42: 0 | O42: 0 | P42: 0 | Q42: 11728.97 | R42: 10 | S42: =+VLOOKUP(B42,[1]Лист2!$A$4:$B$188,2,0) -> 3 | T42: 786195.02 | U42: =+VLOOKUP(B42,[1]Лист2!$A$4:$C$188,3,0) -> 89088.13 | V42: =+S42 -> 3 | W42: =+U42 -> 89088.13 | X42: =+R42 -> 10 | Y42: =+T42 -> 786195.02 | Z42: 0 | AA42: 0 | AB42: 0 | AC42: 0 | AD42: 2 | AE42: 7 | AF42: 59500 | AG42: 618915.71 | AH42: =+AE42 -> 7 | AI42: =+AG42 -> 618915.71 | AJ42: =+AD42 -> 2 | AK42: =+AF42 -> 59500 | AL42: 0 | AM42: 0 | AN42: 0 | AO42: 0 | AP42: 10966.834 | AQ42: Барқарор | AR42: =+AX42/$AX$41 -> 0.025266257 | AS42: 11480 | AT42: 2870 | AU42: Бор | AV42: Бор | AW42: 2 | AX42: =+AI42+AK42 -> 678415.71
B43: 10729 | C43: Алоқабанк | D43: Алоқабанк Нурафшон БХМ | E43: 7 | F43: 4 | G43: 239295 | H43: 35400 | I43: 4 | J43: 35400 | K43: 3 | L43: 114250 | M43: 0 | N43: 0 | O43: 0 | P43: 0 | Q43: 0 | R43: 5 | S43: =+VLOOKUP(B43,[1]Лист2!$A$4:$B$188,2,0) -> 2 | T43: 54571.92 | U43: =+VLOOKUP(B43,[1]Лист2!$A$4:$C$188,3,0) -> 65425 | V43: =+S43 -> 2 | W43: =+U43 -> 65425 | X43: =+R43 -> 5 | Y43: =+T43 -> 54571.92 | Z43: 0 | AA43: 0 | AB43: 0 | AC43: 0 | AD43: 2 | AE43: 1 | AF43: 44160 | AG43: 11661.57 | AH43: =+AE43 -> 1 | AI43: =+AG43 -> 11661.57 | AJ43: =+AD43 -> 2 | AK43: =+AF43 -> 44160 | AL43: 0 | AM43: 0 | AN43: 0 | AO43: 0 | AP43: 552.63403 | AQ43: Самарадорлиги паст | AR43: =+AX43/$AX$41 -> 0.0020789644 | AS43: 43126.667 | AT43: 10781.667 | AU43: Бор | AV43: Бор | AW43: 2 | AX43: =+AI43+AK43 -> 55821.57
B44: 12008 | C44: Асакабанк | D44: Асакабанк Нурафшон БХМ | E44: 152 | F44: 66 | G44: 6635786.1 | H44: 2373795.6 | I44: 42 | J44: 1678153.8 | K44: 84 | L44: 2877274.7 | M44: 0 | N44: 0 | O44: 0 | P44: 0 | Q44: 216.5193 | R44: 101 | S44: =+VLOOKUP(B44,[1]Лист2!$A$4:$B$188,2,0) -> 24 | T44: 5153119.7 | U44: =+VLOOKUP(B44,[1]Лист2!$A$4:$C$188,3,0) -> 1079647.5 | V44: =+S44 -> 24 | W44: =+U44 -> 1079647.5 | X44: =+R44 -> 101 | Y44: =+T44 -> 5153119.7 | Z44: 0 | AA44: 0 | AB44: 0 | AC44: 0 | AD44: 107 | AE44: 27 | AF44: 4642105 | AG44: 1178684.6 | AH44: =+AE44 -> 27 | AI44: =+AG44 -> 1178684.6 | AJ44: =+AD44 -> 107 | AK44: =+AF44 -> 4642105 | AL44: 0 | AM44: 0 | AN44: 0 | AO44: 0 | AP44: 212.27073 | AQ44: Барқарор | AR44: =+AX44/$AX$41 -> 0.21678384 | AS44: 139600 | AT44: 34900 | AU44: Бор | AV44: Бор | AW44: 2 | AX44: =+AI44+AK44 -> 5820789.6
B45: 10818 | C45: Бизнесни ривожлантириш банки | D45: Бизнесни ривожлантириш банки Нурафшон БХМ | E45: 3 | F45: 5 | G45: 45625 | H45: 165183.44 | I45: 2 | J45: 144011.5 | K45: 1 | L45: 21625 | M45: 0 | N45: 0 | O45: 0 | P45: 0 | Q45: 1267.3442 | R45: 10 | S45: =+VLOOKUP(B45,[1]Лист2!$A$4:$B$188,2,0) -> 3 | T45: 321679 | U45: =+VLOOKUP(B45,[1]Лист2!$A$4:$C$188,3,0) -> 171679 | V45: =+S45 -> 3 | W45: =+U45 -> 171679 | X45: =+R45 -> 10 | Y45: =+T45 -> 321679 | Z45: 0 | AA45: 0 | AB45: 0 | AC45: 0 | AD45: 13 | AE45: 20 | AF45: 403638.88 | AG45: 1348816 | AH45: =+AE45 -> 20 | AI45: =+AG45 -> 1348816 | AJ45: =+AD45 -> 13 | AK45: =+AF45 -> 403638.88 | AL45: 0 | AM45: 0 | AN45: 0 | AO45: 0 | AP45: 1301.7675 | AQ45: Самарадорлиги паст | AR45: =+AX45/$AX$41 -> 0.06526673 | AS45: 6866.6667 | AT45: 1716.6667 | AU45: Бор | AV45: Бор | AW45: 2 | AX45: =+AI45+AK45 -> 1752454.9
B46: 11786 | C46: Микрокредитбанк | D46: Микрокредитбанк Нурафшон БХМ | E46: 86 | F46: 43 | G46: 4994908.2 | H46: 1577643.9 | I46: 18 | J46: 512615.54 | K46: 55 | L46: 3661325.9 | M46: 0 | N46: 0 | O46: 0 | P46: 0 | Q46: 39.6542 | R46: 44 | S46: =+VLOOKUP(B46,[1]Лист2!$A$4:$B$188,2,0) -> 23 | T46: 1824870.5 | U46: =+VLOOKUP(B46,[1]Лист2!$A$4:$C$188,3,0) -> 405546.91 | V46: =+S46 -> 23 | W46: =+U46 -> 405546.91 | X46: =+R46 -> 44 | Y46: =+T46 -> 1824870.5 | Z46: 0 | AA46: 0 | AB46: 0 | AC46: 0 | AD46: 74 | AE46: 27 | AF46: 5819396.1 | AG46: 741096.88 | AH46: =+AE46 -> 27 | AI46: =+AG46 -> 741096.88 | AJ46: =+AD46 -> 74 | AK46: =+AF46 -> 5819396.1 | AL46: 0 | AM46: 0 | AN46: 0 | AO46: 0 | AP46: 0 | AQ46: Самарадор | AR46: =+AX46/$AX$41 -> 0.24433264 | AS46: 271840 | AT46: 67960 | AU46: Йуқ | AV46: Йуқ | AW46: 2 | AX46: =+AI46+AK46 -> 6560493
B47: 11253 | C47: Миллийбанк | D47: Миллийбанк Нурафшон БХМ | E47: 64 | F47: 192 | G47: 8540501.9 | H47: 2074738.2 | I47: 121 | J47: 742657.03 | K47: 58 | L47: 2154524.7 | M47: 0 | N47: 0 | O47: 0 | P47: 0 | Q47: 1013.5177 | R47: 84 | S47: =+VLOOKUP(B47,[1]Лист2!$A$4:$B$188,2,0) -> 99 | T47: 12836850 | U47: =+VLOOKUP(B47,[1]Лист2!$A$4:$C$188,3,0) -> 902082.15 | V47: =+S47 -> 99 | W47: =+U47 -> 902082.15 | X47: =+R47 -> 84 | Y47: =+T47 -> 12836850 | Z47: 0 | AA47: 0 | AB47: 0 | AC47: 0 | AD47: 107 | AE47: 131 | AF47: 6605876.3 | AG47: 1030629.6 | AH47: =+AE47 -> 131 | AI47: =+AG47 -> 1030629.6 | AJ47: =+AD47 -> 107 | AK47: =+AF47 -> 6605876.3 | AL47: 0 | AM47: 0 | AN47: 0 | AO47: 0 | AP47: 1377.7688 | AQ47: Самарадор | AR47: =+AX47/$AX$41 -> 0.28440662 | AS47: 460705.45 | AT47: 115176.36 | AU47: Бор | AV47: Бор | AW47: 2 | AX47: =+AI47+AK47 -> 7636505.8
B48: 11198 | C48: Ўзсаноатқурилишбанк | D48: Ўзсаноатқурилишбанк Нурафшон БХМ | E48: 15 | F48: 12 | G48: 343215.02 | H48: 131070.21 | I48: 11 | J48: 126265.21 | K48: 5 | L48: 187114.8 | M48: 0 | N48: 0 | O48: 0 | P48: 0 | Q48: 1053.1204 | R48: 12 | S48: =+VLOOKUP(B48,[1]Лист2!$A$4:$B$188,2,0) -> 7 | T48: 256281.91 | U48: =+VLOOKUP(B48,[1]Лист2!$A$4:$C$188,3,0) -> 229390.48 | V48: =+S48 -> 7 | W48: =+U48 -> 229390.48 | X48: =+R48 -> 12 | Y48: =+T48 -> 256281.91 | Z48: 0 | AA48: 0 | AB48: 0 | AC48: 0 | AD48: 18 | AE48: 30 | AF48: 379574 | AG48: 1074631 | AH48: =+AE48 -> 30 | AI48: =+AG48 -> 1074631 | AJ48: =+AD48 -> 18 | AK48: =+AF48 -> 379574 | AL48: 0 | AM48: 0 | AN48: 0 | AO48: 0 | AP48: 1413.0691 | AQ48: Самарадорлиги паст | AR48: =+AX48/$AX$41 -> 0.054159001 | AS48: 1260 | AT48: 315 | AU48: Бор | AV48: Бор | AW48: 2 | AX48: =+AI48+AK48 -> 1454205
B49: 11448 | C49: Ҳамкорбанк | D49: Ҳамкорбанк Нурафшон БХМ | E49: 53 | F49: 64 | G49: 1706762.2 | H49: 1936377.5 | I49: 45 | J49: 1454648.9 | K49: 34 | L49: 919016.4 | M49: 0 | N49: 0 | O49: 0 | P49: 0 | Q49: 115.471 | R49: 52 | S49: =+VLOOKUP(B49,[1]Лист2!$A$4:$B$188,2,0) -> 38 | T49: 1338707.4 | U49: =+VLOOKUP(B49,[1]Лист2!$A$4:$C$188,3,0) -> 246736.77 | V49: =+S49 -> 38 | W49: =+U49 -> 246736.77 | X49: =+R49 -> 52 | Y49: =+T49 -> 1338707.4 | Z49: 0 | AA49: 0 | AB49: 0 | AC49: 0 | AD49: 65 | AE49: 60 | AF49: 2147924.9 | AG49: 744051.07 | AH49: =+AE49 -> 60 | AI49: =+AG49 -> 744051.07 | AJ49: =+AD49 -> 65 | AK49: =+AF49 -> 2147924.9 | AL49: 0 | AM49: 0 | AN49: 0 | AO49: 0 | AP49: 376.62165 | AQ49: Ўртача | AR49: =+AX49/$AX$41 -> 0.10770595 | AS49: 67557.96 | AT49: 16889.49 | AU49: Бор | AV49: Бор | AW49: 1 | AX49: =+AI49+AK49 -> 2891976
A50: Оққўрғон тумани | C50: Оққўрғон тумани | E50: =+SUM(E51:E52) -> 2 | F50: =+SUM(F51:F52) -> 5 | G50: =+SUM(G51:G52) -> 45944 | H50: =+SUM(H51:H52) -> 79065.37 | I50: =+SUM(I51:I52) -> 4 | J50: =+SUM(J51:J52) -> 7355.3 | K50: =+SUM(K51:K52) -> 1 | L50: =+SUM(L51:L52) -> 28452 | ... AP50: =+SUM(AP51:AP52) -> 2986.6763 | AQ50: Самарадорлиги паст | AS50: =+SUM(AS51:AS52) -> 0 | AT50: =+SUM(AT51:AT52) -> 0 | AW50: =+SUM(AW51:AW52) -> 4 | AX50: =+AI50+AK50+AM50+AO50 -> 377654.25 | AY50: =+AX50/$AX$6 -> 0.00058184134
B51: 457 | C51: Агробанк | D51: Агробанк Оққўрғон филиали | E51: 0 | F51: 0 | G51: 0 | H51: 0 | I51: 0 | J51: 0 | K51: 0 | L51: 0 | M51: 0 | N51: 0 | O51: 0 | P51: 0 | Q51: 567.4346 | V51: =+S51 -> 0 | W51: =+U51 -> 0 | X51: =+R51 -> 0 | Y51: =+T51 -> 0 | Z51: =((+S51)/3)*4 -> 0 | AA51: =((+U51)/3)*4 -> 0 | AB51: 0 | AC51: 0 | AD51: 1 | AE51: 0 | AF51: 19000 | AG51: 0 | AH51: =+AE51 -> 0 | AI51: =+AG51 -> 0 | AJ51: =+AD51 -> 1 | AK51: =+AF51 -> 19000 | AL51: 0 | AM51: 0 | AN51: 0 | AO51: 0 | AP51: 21.9 | AQ51: Самарадорлиги паст | AR51: =+AX51/$AX$50 -> 0.050310568 | AS51: 0 | AT51: 0 | AU51: Бор | AV51: Бор | AW51: 2 | AX51: =+AI51+AK51 -> 19000
B52: 11412 | C52: Микрокредитбанк | D52: Микрокредитбанк Оққўрғон БХМ | E52: 2 | F52: 5 | G52: 45944 | H52: 79065.37 | I52: 4 | J52: 7355.3 | K52: 1 | L52: 28452 | M52: 0 | N52: 0 | O52: 0 | P52: 0 | Q52: 2616.6979 | R52: 5 | S52: =+VLOOKUP(B52,[1]Лист2!$A$4:$B$188,2,0) -> 19 | T52: 128519.04 | U52: =+VLOOKUP(B52,[1]Лист2!$A$4:$C$188,3,0) -> 497396.07 | V52: =+S52 -> 19 | W52: =+U52 -> 497396.07 | X52: =+R52 -> 5 | Y52: =+T52 -> 128519.04 | Z52: 0 | AA52: 0 | AB52: 0 | AC52: 0 | AD52: 0 | AE52: 21 | AF52: 0 | AG52: 358654.25 | AH52: =+AE52 -> 21 | AI52: =+AG52 -> 358654.25 | AJ52: =+AD52 -> 0 | AK52: =+AF52 -> 0 | AL52: 0 | AM52: 0 | AN52: 0 | AO52: 0 | AP52: 2964.7763 | AQ52: Самарадор | AR52: =+AX52/$AX$50 -> 0.94968943 | AS52: 0 | AT52: 0 | AU52: Йуқ | AV52: Йуқ | AW52: 2 | AX52: =+AI52+AK52 -> 358654.25
A53: Олмалиқ шаҳар | C53: Олмалиқ шаҳар | E53: =+SUM(E54:E57) -> 319 | F53: =+SUM(F54:F57) -> 256 | G53: =+SUM(G54:G57) -> 2.6257426e+08 | H53: =+SUM(H54:H57) -> 1.1037062e+08 | I53: =+SUM(I54:I57) -> 177 | J53: =+SUM(J54:J57) -> 87329389 | K53: =+SUM(K54:K57) -> 271 | L53: =+SUM(L54:L57) -> 1.7546806e+08 | ... AP53: =+SUM(AP54:AP57) -> 910.70045 | AQ53: Самарадор | AS53: =+SUM(AS54:AS57) -> 475311.47 | AT53: =+SUM(AT54:AT57) -> 170600.53 | AW53: =+SUM(AW54:AW57) -> 7 | AX53: =+AI53+AK53+AM53+AO53 -> 4.1732886e+08 | AY53: =+AX53/$AX$6 -> 0.64296691
B54: 459 | C54: Ипотека банк | D54: Ипотека банк Олмалиқ филиали | E54: 230 | F54: 177 | G54: 1.734341e+08 | H54: 1.0688679e+08 | I54: 120 | J54: 84645980 | K54: 221 | L54: 1.7325843e+08 | M54: 0 | N54: 0 | O54: 0 | P54: 0 | Q54: 242.94609 | R54: 176 | S54: =+VLOOKUP(B54,[1]Лист2!$A$4:$B$188,2,0) -> 103 | T54: 5.7623839e+08 | U54: =+VLOOKUP(B54,[1]Лист2!$A$4:$C$188,3,0) -> 2.6043988e+08 | V54: =+S54 -> 103 | W54: =+U54 -> 2.6043988e+08 | X54: =+R54 -> 176 | Y54: =+T54 -> 5.7623839e+08 | Z54: 0 | AA54: 0 | AB54: 0 | AC54: 0 | AD54: 194 | AE54: 55 | AF54: 1.3184902e+08 | AG54: 2.6199638e+08 | AH54: =+AE54 -> 55 | AI54: =+AG54 -> 2.6199638e+08 | AJ54: =+AD54 -> 194 | AK54: =+AF54 -> 1.3184902e+08 | AL54: 0 | AM54: 0 | AN54: 0 | AO54: 0 | AP54: 202.38522 | AQ54: Самарадор | AR54: =+AX54/$AX$53 -> 0.94372912 | AS54: 349453.33 | AT54: 139136 | AU54: Бор | AV54: Йуқ | AW54: 2 | AX54: =+AI54+AK54 -> 3.938454e+08
B55: 11142 | C55: Миллийбанк | D55: Миллийбанк Олмалиқ БХМ | E55: 28 | F55: 2 | G55: 86524706 | H55: 66070.22 | I55: 2 | J55: 66070.22 | K55: 4 | L55: 67918.85 | M55: 0 | N55: 0 | O55: 24 | P55: 86456787 | Q55: 0 | R55: 29 | S55: =(+VLOOKUP(B55,[1]Лист2!$A$4:$B$188,2,0))+7 -> 8 | T55: 92382614 | U55: =(+VLOOKUP(B55,[1]Лист2!$A$4:$C$188,3,0))+1210857.66 -> 1242152.1 | V55: =+S55 -> 8 | W55: =+U55 -> 1242152.1 | X55: =+R55 -> 29 | Y55: =+T55 -> 92382614 | Z55: 0 | AA55: 0 | AB55: 0 | AC55: 0 | AD55: 11 | AE55: 3 | AF55: 16121964 | AG55: 69256.4 | AH55: =+AE55 -> 3 | AI55: =+AG55 -> 69256.4 | AJ55: =+AD55 -> 11 | AK55: =+AF55 -> 16121964 | AL55: 0 | AM55: 0 | AN55: 0 | AO55: 0 | AP55: 0 | AQ55: Ўртача | AR55: =+AX55/$AX$53 -> 0.038797269 | AS55: 618.34995 | AT55: 154.58749 | AU55: Бор | AV55: Бор | AW55: 2 | AX55: =+AI55+AK55 -> 16191220
B56: 11200 | C56: Ўзсаноатқурилишбанк | D56: Ўзсаноатқурилишбанк Олмалиқ БХМ | E56: 7 | F56: 8 | G56: 145370.63 | H56: 83290 | I56: 5 | J56: 50060 | K56: 5 | L56: 136183.72 | M56: 0 | N56: 0 | O56: 0 | P56: 0 | Q56: 185.22853 | R56: 19 | S56: =+VLOOKUP(B56,[1]Лист2!$A$4:$B$188,2,0) -> 10 | T56: 1088076.2 | U56: =+VLOOKUP(B56,[1]Лист2!$A$4:$C$188,3,0) -> 188575 | V56: =+S56 -> 10 | W56: =+U56 -> 188575 | X56: =+R56 -> 19 | Y56: =+T56 -> 1088076.2 | Z56: 0 | AA56: 0 | AB56: 0 | AC56: 0 | AD56: 15 | AE56: 18 | AF56: 264517.32 | AG56: 269799.46 | AH56: =+AE56 -> 18 | AI56: =+AG56 -> 269799.46 | AJ56: =+AD56 -> 15 | AK56: =+AF56 -> 264517.32 | AL56: 0 | AM56: 0 | AN56: 0 | AO56: 0 | AP56: 332.56385 | AQ56: Самарадорлиги паст | AR56: =+AX56/$AX$53 -> 0.0012803255 | AS56: 2866.6667 | AT56: 716.66667 | AU56: Бор | AV56: Йуқ | AW56: 2 | AX56: =+AI56+AK56 -> 534316.78
B57: 11445 | C57: Ҳамкорбанк | D57: Ҳамкорбанк Олмалиқ БХО | E57: 54 | F57: 69 | G57: 2470086.3 | H57: 3334470.9 | I57: 50 | J57: 2567279.4 | K57: 41 | L57: 2005528.3 | M57: 0 | N57: 0 | O57: 0 | P57: 0 | Q57: 386.17173 | R57: 80 | S57: =+VLOOKUP(B57,[1]Лист2!$A$4:$B$188,2,0) -> 31 | T57: 4339897 | U57: =+VLOOKUP(B57,[1]Лист2!$A$4:$C$188,3,0) -> 3439318.9 | V57: =+S57 -> 31 | W57: =+U57 -> 3439318.9 | X57: =+R57 -> 80 | Y57: =+T57 -> 4339897 | Z57: 0 | AA57: 0 | AB57: 0 | AC57: 0 | AD57: 109 | AE57: 67 | AF57: 4757232.8 | AG57: 2000692.6 | AH57: =+AE57 -> 67 | AI57: =+AG57 -> 2000692.6 | AJ57: =+AD57 -> 109 | AK57: =+AF57 -> 4757232.8 | AL57: 0 | AM57: 0 | AN57: 0 | AO57: 0 | AP57: 375.75138 | AQ57: Самарадорлиги паст | AR57: =+AX57/$AX$53 -> 0.016193285 | AS57: 122373.12 | AT57: 30593.279 | AU57: Бор | AV57: Бор | AW57: 1 | AX57: =+AI57+AK57 -> 6757925.4
A58: Оҳангарон тумани | C58: Оҳангарон тумани | E58: =+SUM(E59:E60) -> 39 | F58: =+SUM(F59:F60) -> 32 | G58: =+SUM(G59:G60) -> 1130566.4 | H58: =+SUM(H59:H60) -> 1124831.9 | I58: =+SUM(I59:I60) -> 17 | J58: =+SUM(J59:J60) -> 466719.45 | K58: =+SUM(K59:K60) -> 33 | L58: =+SUM(L59:L60) -> 956011.41 | ... AP58: =+SUM(AP59:AP60) -> 1338.9646 | AQ58: Ўртача | AS58: =+SUM(AS59:AS60) -> 47308.648 | AT58: =+SUM(AT59:AT60) -> 41520.059 | AW58: =+SUM(AW59:AW60) -> 4 | AX58: =+AI58+AK58+AM58+AO58 -> 4423896.7 | AY58: =+AX58/$AX$6 -> 0.0068157739
B59: 413 | C59: Агробанк | D59: Агробанк Оҳангарон филиали | E59: 1 | F59: 0 | G59: 20000 | H59: 0 | I59: 0 | J59: 0 | K59: 0 | L59: 0 | M59: 0 | N59: 0 | O59: 1 | P59: 20000 | Q59: 120.22803 | R59: 4 | S59: =+VLOOKUP(B59,[1]Лист2!$A$4:$B$188,2,0) -> 3 | T59: 77134.51 | U59: =+VLOOKUP(B59,[1]Лист2!$A$4:$C$188,3,0) -> 187976 | V59: =+S59 -> 3 | W59: =+U59 -> 187976 | X59: =+R59 -> 4 | Y59: =+T59 -> 77134.51 | Z59: 0 | AA59: 0 | AB59: 0 | AC59: 0 | AD59: 2 | AE59: 1 | AF59: 18235.47 | AG59: 49988 | AH59: =+AE59 -> 1 | AI59: =+AG59 -> 49988 | AJ59: =+AD59 -> 2 | AK59: =+AF59 -> 18235.47 | AL59: 0 | AM59: 0 | AN59: 0 | AO59: 0 | AP59: 112.18972 | AQ59: Самарадорлиги паст | AR59: =+AX59/$AX$58 -> 0.015421579 | AS59: 1010.6667 | AT59: 252.66667 | AU59: Бор | AV59: Бор | AW59: 2 | AX59: =+AI59+AK59 -> 68223.47
B60: 487 | C60: Ипотека банк | D60: Ипотека банк Оҳангарон филиали | E60: 38 | F60: 32 | G60: 1110566.4 | H60: 1124831.9 | I60: 17 | J60: 466719.45 | K60: 33 | L60: 956011.41 | M60: 0 | N60: 0 | O60: 0 | P60: 0 | Q60: 623.10652 | R60: 93 | S60: =+VLOOKUP(B60,[1]Лист2!$A$4:$B$188,2,0) -> 39 | T60: 5960582.5 | U60: =+VLOOKUP(B60,[1]Лист2!$A$4:$C$188,3,0) -> 2328161.3 | V60: =+S60 -> 39 | W60: =+U60 -> 2328161.3 | X60: =+R60 -> 93 | Y60: =+T60 -> 5960582.5 | Z60: 0 | AA60: 0 | AB60: 0 | AC60: 0 | AD60: 72 | AE60: 38 | AF60: 3341352.2 | AG60: 1014321 | AH60: =+AE60 -> 38 | AI60: =+AG60 -> 1014321 | AJ60: =+AD60 -> 72 | AK60: =+AF60 -> 3341352.2 | AL60: 0 | AM60: 0 | AN60: 0 | AO60: 0 | AP60: 1226.7749 | AQ60: Самарадор | AR60: =+AX60/$AX$58 -> 0.98457842 | AS60: 46297.981 | AT60: 41267.392 | AU60: Бор | AV60: Бор | AW60: 2 | AX60: =+AI60+AK60 -> 4355673.2
A61: Оҳангарон шаҳар | C61: Оҳангарон шаҳар | E61: =+SUM(E62) -> 2 | F61: =+SUM(F62) -> 6 | G61: =+SUM(G62) -> 108609.81 | H61: =+SUM(H62) -> 279618.63 | I61: =+SUM(I62) -> 3 | J61: =+SUM(J62) -> 204372.63 | K61: =+SUM(K62) -> 1 | L61: =+SUM(L62) -> 22200 | ... AP61: =+SUM(AP62) -> 306.18018 | AQ61: Самарадорлиги паст | AS61: =+SUM(AS62) -> 3570.6667 | AT61: =+SUM(AT62) -> 892.66667 | AW61: =+SUM(AW62) -> 2 | AX61: =+AI61+AK61+AM61+AO61 -> 1661422.1 | AY61: =+AX61/$AX$6 -> 0.0025597066
B62: 10819 | C62: Бизнесни ривожлантириш банки | D62: Бизнесни ривожлантириш банки Оҳангарон БХМ | E62: 2 | F62: 6 | G62: 108609.81 | H62: 279618.63 | I62: 3 | J62: 204372.63 | K62: 1 | L62: 22200 | M62: 0 | N62: 0 | O62: 0 | P62: 0 | Q62: 302.06222 | R62: 6 | S62: =+VLOOKUP(B62,[1]Лист2!$A$4:$B$188,2,0) -> 6 | T62: 87274.98 | U62: =+VLOOKUP(B62,[1]Лист2!$A$4:$C$188,3,0) -> 79784.89 | V62: =+S62 -> 6 | W62: =+U62 -> 79784.89 | X62: =+R62 -> 6 | Y62: =+T62 -> 87274.98 | Z62: 0 | AA62: 0 | AB62: 0 | AC62: 0 | AD62: 14 | AE62: 32 | AF62: 808594.4 | AG62: 852827.72 | AH62: =+AE62 -> 32 | AI62: =+AG62 -> 852827.72 | AJ62: =+AD62 -> 14 | AK62: =+AF62 -> 808594.4 | AL62: 0 | AM62: 0 | AN62: 0 | AO62: 0 | AP62: 306.18018 | AQ62: Самарадор | AR62: =+AX62/$AX$61 -> 1 | AS62: 3570.6667 | AT62: 892.66667 | AU62: Бор | AV62: Бор | AW62: 2 | AX62: =+AI62+AK62 -> 1661422.1
A63: Паркент тумани | C63: Паркент тумани | E63: 5 | F63: 2 | G63: 75110 | H63: 41600 | I63: =+SUM(I64:I66) -> 2 | J63: =+SUM(J64:J66) -> 41600 | K63: =+SUM(K64:K66) -> 0 | L63: =+SUM(L64:L66) -> 0 | M63: =+SUM(M64:M66) -> 0 | N63: =+SUM(N64:N66) -> 0 | O63: =+SUM(O64:O66) -> 5 | P63: =+SUM(P64:P66) -> 75110 | Q63: =+SUM(Q64:Q66) -> 499.44032 | R63: 3 | S63: =+SUM(S64:S66) -> 4 | T63: 190000 | U63: =+SUM(U64:U66) -> 158233.55 | V63: =+S63 -> 4 | W63: =+U63 -> 158233.55 | X63: =+R63 -> 3 | Y63: =+T63 -> 190000 | Z63: =((+SUM(Z64:Z66))/3)*4 -> 0 | AA63: =((+SUM(AA64:AA66))/3)*4 -> 0 | AB63: 0 | AC63: 0 | AD63: 6 | AE63: 3 | AF63: 307500 | AG63: 5100 | AH63: =+AE63 -> 3 | AI63: =+AG63 -> 5100 | AJ63: =+AD63 -> 6 | AK63: =+AF63 -> 307500 | AL63: =((((+SUM(AL64:AL66))/3)*4)/3)*4 -> 0 | AM63: =((((+SUM(AM64:AM66))/3)*4)/3)*4 -> 0 | AN63: =((((+SUM(AN64:AN66))/3)*4)/3)*4 -> 0 | AO63: =((((+SUM(AO64:AO66))/3)*4)/3)*4 -> 0 | AP63: =+SUM(AP64:AP66) -> 274.44549 | AQ63: Самарадорлиги паст | AS63: =+SUM(AS64:AS66) -> 2974.6667 | AT63: =+SUM(AT64:AT66) -> 743.66667 | AW63: =+SUM(AW64:AW66) -> 6 | AX63: =+AI63+AK63+AM63+AO63 -> 312600 | AY63: =+AX63/$AX$6 -> 0.00048161408
B64: 482 | C64: Агробанк | D64: Агробанк Паркент филиали | E64: 4 | F64: 0 | G64: 41400 | H64: 0 | I64: 0 | J64: 0 | K64: 0 | L64: 0 | M64: 0 | N64: 0 | O64: 4 | P64: 41400 | Q64: 365.59012 | S64: =+VLOOKUP(B64,[1]Лист2!$A$4:$B$188,2,0) -> 4 | U64: =+VLOOKUP(B64,[1]Лист2!$A$4:$C$188,3,0) -> 158233.55 | V64: =+S64 -> 4 | W64: =+U64 -> 158233.55 | X64: =+R64 -> 0 | Y64: =+T64 -> 0 | Z64: 0 | AA64: 0 | AB64: 0 | AC64: 0 | AD64: 7 | AE64: 7 | AF64: 228909.22 | AG64: 53230.95 | AH64: =+AE64 -> 7 | AI64: =+AG64 -> 53230.95 | AJ64: =+AD64 -> 7 | AK64: =+AF64 -> 228909.22 | AL64: 0 | AM64: 0 | AN64: 0 | AO64: 0 | AP64: 240.92138 | AQ64: Самарадор | AR64: =+AX64/$AX$63 -> 0.90255972 | AS64: 2974.6667 | AT64: 743.66667 | AU64: Бор | AV64: Бор | AW64: 2 | AX64: =+AI64+AK64 -> 282140.17
B65: 11785 | C65: Микрокредитбанк | D65: Микрокредитбанк Паркент БХМ | E65: 0 | F65: 2 | G65: 0 | H65: 41600 | I65: 2 | J65: 41600 | K65: 0 | L65: 0 | M65: 0 | N65: 0 | O65: 0 | P65: 0 | Q65: 0 | V65: =+S65 -> 0 | W65: =+U65 -> 0 | X65: =+R65 -> 0 | Y65: =+T65 -> 0 | Z65: =((+S65)/3)*4 -> 0 | AA65: =((+U65)/3)*4 -> 0 | AB65: 0 | AC65: 0 | AD65: 0 | AE65: 0 | AF65: 0 | AG65: 0 | AH65: =+AE65 -> 0 | AI65: =+AG65 -> 0 | AJ65: =+AD65 -> 0 | AK65: =+AF65 -> 0 | AL65: 0 | AM65: 0 | AN65: 0 | AO65: 0 | AP65: 0 | AQ65: Самарадорлиги паст | AR65: =+AX65/$AX$63 -> 0 | AS65: 0 | AT65: 0 | AU65: Йуқ | AV65: Йуқ | AW65: 2 | AX65: =+AI65+AK65 -> 0
B66: 11487 | C66: Халқ банк | D66: Халқ банк Паркент БХМ | E66: 1 | F66: 0 | G66: 33710 | H66: 0 | I66: 0 | J66: 0 | K66: 0 | L66: 0 | M66: 0 | N66: 0 | O66: 1 | P66: 33710 | Q66: 133.8502 | R66: 3 | T66: 190000 | V66: =+S66 -> 0 | W66: =+U66 -> 0 | X66: =+R66 -> 3 | Y66: =+T66 -> 190000 | Z66: =((+S66)/3)*4 -> 0 | AA66: =((+U66)/3)*4 -> 0 | AB66: 0 | AC66: 0 | AD66: 2 | AE66: 0 | AF66: 123000 | AG66: 0 | AH66: =+AE66 -> 0 | AI66: =+AG66 -> 0 | AJ66: =+AD66 -> 2 | AK66: =+AF66 -> 123000 | AL66: 0 | AM66: 0 | AN66: 0 | AO66: 0 | AP66: 33.52411 | AQ66: Барқарор | AR66: =+AX66/$AX$63 -> 0.39347409 | AS66: 0 | AT66: 0 | AU66: Бор | AV66: Бор | AW66: 2 | AX66: =+AI66+AK66 -> 123000
A67: Пскент тумани | C67: Пскент тумани | E67: =+SUM(E68:E69) -> 0 | F67: =+SUM(F68:F69) -> 0 | G67: =+SUM(G68:G69) -> 0 | H67: =+SUM(H68:H69) -> 0 | I67: =+SUM(I68:I69) -> 0 | J67: =+SUM(J68:J69) -> 0 | K67: =+SUM(K68:K69) -> 0 | L67: =+SUM(L68:L69) -> 0 | ... AP67: =+SUM(AP68:AP69) -> 518.67289 | AQ67: Самарадорлиги паст | AS67: =+SUM(AS68:AS69) -> 1129.8667 | AT67: =+SUM(AT68:AT69) -> 282.46667 | AW67: =+SUM(AW68:AW69) -> 4 | AX67: =+AI67+AK67+AM67+AO67 -> 481836.21 | AY67: =+AX67/$AX$6 -> 0.00074235158
B68: 10793 | C68: Ўзсаноатқурилишбанк | D68: Ўзсаноатқурилишбанк Пскент БХМ | E68: 0 | F68: 0 | G68: 0 | H68: 0 | I68: 0 | J68: 0 | K68: 0 | L68: 0 | M68: 0 | N68: 0 | O68: 0 | P68: 0 | Q68: 11.103 | R68: 2 | T68: 80127.35 | V68: =+S68 -> 0 | W68: =+U68 -> 0 | X68: =+R68 -> 2 | Y68: =+T68 -> 80127.35 | Z68: =((+S68)/3)*4 -> 0 | AA68: =((+U68)/3)*4 -> 0 | AB68: 0 | AC68: 0 | AD68: 11 | AE68: 6 | AF68: 96010.83 | AG68: 69901.58 | AH68: =+AE68 -> 6 | AI68: =+AG68 -> 69901.58 | AJ68: =+AD68 -> 11 | AK68: =+AF68 -> 96010.83 | AL68: 0 | AM68: 0 | AN68: 0 | AO68: 0 | AP68: 11.103 | AQ68: Барқарор | AR68: =+AX68/$AX$67 -> 0.34433363 | AS68: 1129.8667 | AT68: 282.46667 | AU68: Йуқ | AV68: Йуқ | AW68: 2 | AX68: =+AI68+AK68 -> 165912.41
B69: 11387 | C69: Халқ банк | D69: Халқ банк Пскент БХМ | E69: 0 | F69: 0 | G69: 0 | H69: 0 | I69: 0 | J69: 0 | K69: 0 | L69: 0 | M69: 0 | N69: 0 | O69: 0 | P69: 0 | Q69: 507.56989 | V69: =+S69 -> 0 | W69: =+U69 -> 0 | X69: =+R69 -> 0 | Y69: =+T69 -> 0 | Z69: =((+S69)/3)*4 -> 0 | AA69: =((+U69)/3)*4 -> 0 | AB69: 0 | AC69: 0 | AD69: 2 | AE69: 3 | AF69: 100109.32 | AG69: 215814.48 | AH69: =+AE69 -> 3 | AI69: =+AG69 -> 215814.48 | AJ69: =+AD69 -> 2 | AK69: =+AF69 -> 100109.32 | AL69: 0 | AM69: 0 | AN69: 0 | AO69: 0 | AP69: 507.56989 | AQ69: Самарадор | AR69: =+AX69/$AX$67 -> 0.65566637 | AS69: 0 | AT69: 0 | AU69: Бор | AV69: Бор | AW69: 2 | AX69: =+AI69+AK69 -> 315923.8
A70: Тошкент тумани | C70: Тошкент тумани | E70: =((((+SUM(E71:E72))/3)*4)/3)*4 -> 124.44444 | F70: =((((+SUM(F71:F72))/3)*4)/3)*4 -> 1.7777778 | G70: =((((+SUM(G71:G72))/3)*4)/3)*4 -> 2007166.9 | H70: =((((+SUM(H71:H72))/3)*4)/3)*4 -> 5313.7778 | I70: =((((+SUM(I71:I72))/3)*4)/3)*4 -> 1.7777778 | J70: =((((+SUM(J71:J72))/3)*4)/3)*4 -> 5313.7778 | K70: =((((+SUM(K71:K72))/3)*4)/3)*4 -> 110.22222 | L70: =((((+SUM(L71:L72))/3)*4)/3)*4 -> 1759107.4 | ... AO70: =((((+SUM(AO71:AO72))/3)*4)/3)*4 -> 0 | AP70: =+SUM(AP71:AP72) -> 212.10192 | AQ70: Самарадорлиги паст | AS70: =+SUM(AS71:AS72) -> 77906.667 | AT70: =+SUM(AT71:AT72) -> 19476.667 | AW70: =+SUM(AW71:AW72) -> 4 | AX70: =+AI70+AK70+AM70+AO70 -> 2745230.6 | AY70: =+AX70/$AX$6 -> 0.0042295
B71: 11943 | C71: Микрокредитбанк | D71: Микрокредитбанк Келес БХМ | E71: 69 | F71: 1 | G71: 1103567.9 | H71: 2989 | I71: 1 | J71: 2989 | K71: 62 | L71: 989497.93 | M71: 0 | N71: 0 | O71: 0 | P71: 0 | Q71: 162.10491 | R71: 22 | T71: 451295 | V71: =+S71 -> 0 | W71: =+U71 -> 0 | X71: =+R71 -> 22 | Y71: =+T71 -> 451295 | Z71: =((+S71)/3)*4 -> 0 | AA71: =((+U71)/3)*4 -> 0 | AB71: 0 | AC71: 0 | AD71: 56 | AE71: 4 | AF71: 1377384.2 | AG71: 142590.02 | AH71: =+AE71 -> 4 | AI71: =+AG71 -> 142590.02 | AJ71: =+AD71 -> 56 | AK71: =+AF71 -> 1377384.2 | AL71: 0 | AM71: 0 | AN71: 0 | AO71: 0 | AP71: 147.4352 | AQ71: Самарадор | AR71: =+AX71/$AX$70 -> 0.55367815 | AS71: 77906.667 | AT71: 19476.667 | AU71: Йуқ | AV71: Йуқ | AW71: 2 | AX71: =+AI71+AK71 -> 1519974.2
B72: 11782 | C72: Халқ банк | D72: Халқ банк Келес БХМ | E72: 1 | F72: 0 | G72: 25463.43 | H72: 0 | I72: 0 | J72: 0 | K72: 0 | L72: 0 | M72: 0 | N72: 0 | O72: 0 | P72: 0 | Q72: 62.81484 | V72: =+S72 -> 0 | W72: =+U72 -> 0 | X72: =+R72 -> 0 | Y72: =+T72 -> 0 | Z72: =((+S72)/3)*4 -> 0 | AA72: =((+U72)/3)*4 -> 0 | AB72: 0 | AC72: 0 | AD72: 2 | AE72: 0 | AF72: 24218 | AG72: 0 | AH72: =+AE72 -> 0 | AI72: =+AG72 -> 0 | AJ72: =+AD72 -> 2 | AK72: =+AF72 -> 24218 | AL72: 0 | AM72: 0 | AN72: 0 | AO72: 0 | AP72: 64.66672 | AQ72: Самарадорлиги паст | AR72: =+AX72/$AX$70 -> 0.0088218455 | AS72: 0 | AT72: 0 | AU72: Бор | AV72: Бор | AW72: 2 | AX72: =+AI72+AK72 -> 24218
A73: Чиноз тумани | C73: Чиноз тумани | E73: =((((+SUM(E74:E76))/3)*4)/3)*4 -> 110.22222 | F73: =((((+SUM(F74:F76))/3)*4)/3)*4 -> 160 | G73: =((((+SUM(G74:G76))/3)*4)/3)*4 -> 10556741 | H73: =((((+SUM(H74:H76))/3)*4)/3)*4 -> 10229565 | I73: =((((+SUM(I74:I76))/3)*4)/3)*4 -> 80 | J73: =((((+SUM(J74:J76))/3)*4)/3)*4 -> 3767151.3 | K73: =((((+SUM(K74:K76))/3)*4)/3)*4 -> 44.444444 | L73: =((((+SUM(L74:L76))/3)*4)/3)*4 -> 6206638.2 | ... AO73: =((((+SUM(AO74:AO76))/3)*4)/3)*4 -> 0 | AP73: =+SUM(AP74:AP76) -> 2536.9654 | AQ73: Ўртача | AS73: =+SUM(AS74:AS76) -> 1125317.3 | AT73: =+SUM(AT74:AT76) -> 360749.33 | AW73: =+SUM(AW74:AW76) -> 5 | AX73: =+AI73+AK73+AM73+AO73 -> 21957327 | AY73: =+AX73/$AX$6 -> 0.03382904
B74: 476 | C74: Агробанк | D74: Агробанк Чиноз филиали | E74: 0 | F74: 6 | G74: 0 | H74: 2809.42 | I74: 6 | J74: 2809.42 | K74: 0 | L74: 0 | M74: 0 | N74: 0 | O74: 0 | P74: 0 | Q74: 802.55325 | V74: =+S74 -> 0 | W74: =+U74 -> 0 | X74: =+R74 -> 0 | Y74: =+T74 -> 0 | Z74: =((+S74)/3)*4 -> 0 | AA74: =((+U74)/3)*4 -> 0 | AB74: 0 | AC74: 0 | AD74: 2 | AE74: 0 | AF74: 4000 | AG74: 0 | AH74: =+AE74 -> 0 | AI74: =+AG74 -> 0 | AJ74: =+AD74 -> 2 | AK74: =+AF74 -> 4000 | AL74: 0 | AM74: 0 | AN74: 0 | AO74: 0 | AP74: 802.55325 | AQ74: Самарадорлиги паст | AR74: =+AX74/$AX$73 -> 0.00018217154 | AS74: 0 | AT74: 0 | AU74: Бор | AV74: Бор | AW74: 2 | AX74: =+AI74+AK74 -> 4000
B75: 1039 | C75: Ипотека банк | D75: Ипотека банк Чиноз филиали | E75: 3 | F75: 1 | G75: 96777 | H75: 99969 | I75: 1 | J75: 99969 | K75: 3 | L75: 96777 | M75: 0 | N75: 0 | O75: 0 | P75: 0 | Q75: 28.37084 | R75: 1 | S75: =+VLOOKUP(B75,[1]Лист2!$A$4:$B$188,2,0) -> 2 | T75: 5000 | U75: =+VLOOKUP(B75,[1]Лист2!$A$4:$C$188,3,0) -> 7605.65 | V75: =+S75 -> 2 | W75: =+U75 -> 7605.65 | X75: =+R75 -> 1 | Y75: =+T75 -> 5000 | Z75: 0 | AA75: 0 | AB75: 0 | AC75: 0 | AD75: 0 | AE75: 0 | AF75: 0 | AG75: 0 | AH75: =+AE75 -> 0 | AI75: =+AG75 -> 0 | AJ75: =+AD75 -> 0 | AK75: =+AF75 -> 0 | AL75: 0 | AM75: 0 | AN75: 0 | AO75: 0 | AP75: 175.26121 | AQ75: Самарадорлиги паст | AR75: =+AX75/$AX$73 -> 0 | AS75: 0 | AT75: 79420 | AU75: Бор | AV75: Бор | AW75: 2 | AX75: =+AI75+AK75 -> 0
B76: 11443 | C76: Ҳамкорбанк | D76: Ҳамкорбанк Чиноз БХО | E76: 59 | F76: 83 | G76: 5841389.6 | H76: 5651351.6 | I76: 38 | J76: 2016244.2 | K76: 22 | L76: 3394457 | M76: 0 | N76: 0 | O76: 0 | P76: 0 | Q76: 734.04454 | R76: 58 | S76: =+VLOOKUP(B76,[1]Лист2!$A$4:$B$188,2,0) -> 69 | T76: 6022332.1 | U76: =+VLOOKUP(B76,[1]Лист2!$A$4:$C$188,3,0) -> 5209911 | V76: =+S76 -> 69 | W76: =+U76 -> 5209911 | X76: =+R76 -> 58 | Y76: =+T76 -> 6022332.1 | Z76: 0 | AA76: 0 | AB76: 0 | AC76: 0 | AD76: 89 | AE76: 103 | AF76: 6879065.2 | AG76: 5467931.2 | AH76: =+AE76 -> 103 | AI76: =+AG76 -> 5467931.2 | AJ76: =+AD76 -> 89 | AK76: =+AF76 -> 6879065.2 | AL76: 0 | AM76: 0 | AN76: 0 | AO76: 0 | AP76: 1559.1509 | AQ76: Самарадор | AR76: =+AX76/$AX$73 -> 0.56231783 | AS76: 1125317.3 | AT76: 281329.33 | AU76: Бор | AV76: Бор | AW76: 1 | AX76: =+AI76+AK76 -> 12346996
A77: Чирчиқ шаҳар | C77: Чирчиқ шаҳар | E77: =+SUM(E78:E82) -> 305 | F77: =+SUM(F78:F82) -> 473 | G77: =+SUM(G78:G82) -> 5541803.8 | H77: =+SUM(H78:H82) -> 40810087 | I77: =+SUM(I78:I82) -> 342 | J77: =+SUM(J78:J82) -> 30630700 | K77: =+SUM(K78:K82) -> 233 | L77: =+SUM(L78:L82) -> 3887942.5 | ... AP77: =+SUM(AP78:AP82) -> 6162.264 | AQ77: Ўртача | AR77: =+SUM(AR78:AR82) -> 1 | AS77: =+SUM(AS78:AS82) -> 1206140.6 | AT77: =+SUM(AT78:AT82) -> 332856.38 | AW77: =+SUM(AW78:AW82) -> 9 | AX77: =+AI77+AK77+AM77+AO77 -> 21734862 | AY77: =+AX77/$AX$6 -> 0.033486295
B78: 478 | C78: Ипотека банк | D78: Ипотека банк Чирчиқ филиали | E78: 107 | F78: 130 | G78: 1594991 | H78: 14543675 | I78: 87 | J78: 10237703 | K78: 92 | L78: 966780.63 | M78: 0 | N78: 0 | O78: 0 | P78: 0 | Q78: 3450.0574 | R78: 113 | S78: =+VLOOKUP(B78,[1]Лист2!$A$4:$B$188,2,0) -> 72 | T78: 3757156.3 | U78: =+VLOOKUP(B78,[1]Лист2!$A$4:$C$188,3,0) -> 705549.54 | V78: =+S78 -> 72 | W78: =+U78 -> 705549.54 | X78: =+R78 -> 113 | Y78: =+T78 -> 3757156.3 | Z78: 0 | AA78: 0 | AB78: 0 | AC78: 0 | AD78: 143 | AE78: 110 | AF78: 6900037.3 | AG78: 1596809.4 | AH78: =+AE78 -> 110 | AI78: =+AG78 -> 1596809.4 | AJ78: =+AD78 -> 143 | AK78: =+AF78 -> 6900037.3 | AL78: 0 | AM78: 0 | AN78: 0 | AO78: 0 | AP78: 3650.8628 | AQ78: Самарадор | AR78: =+AX78/$AX$77 -> 0.3909317 | AS78: 101250.5 | AT78: 56633.856 | AU78: Бор | AV78: Бор | AW78: 2 | AX78: =+AI78+AK78 -> 8496846.7
B79: 10443 | C79: Микрокредитбанк | D79: Микрокредитбанк Чирчиқ БХМ | E79: 1 | F79: 2 | G79: 4654 | H79: 20849.11 | I79: 1 | J79: 2261.1 | K79: 0 | L79: 0 | M79: 0 | N79: 0 | O79: 0 | P79: 0 | Q79: 359.20938 | V79: =+S79 -> 0 | W79: =+U79 -> 0 | X79: =+R79 -> 0 | Y79: =+T79 -> 0 | Z79: =((+S79)/3)*4 -> 0 | AA79: =((+U79)/3)*4 -> 0 | AB79: 0 | AC79: 0 | AD79: 0 | AE79: 0 | AF79: 0 | AG79: 0 | AH79: =+AE79 -> 0 | AI79: =+AG79 -> 0 | AJ79: =+AD79 -> 0 | AK79: =+AF79 -> 0 | AL79: 0 | AM79: 0 | AN79: 0 | AO79: 0 | AP79: 0 | AQ79: Самарадорлиги паст | AR79: =+AX79/$AX$77 -> 0 | AS79: 0 | AT79: 0 | AU79: Йуқ | AV79: Йуқ | AW79: 2 | AX79: =+AI79+AK79 -> 0
B80: 11141 | C80: Миллийбанк | D80: Миллийбанк Чирчиқ БХМ | E80: 19 | F80: 241 | G80: 962200.52 | H80: 22260679 | I80: 183 | J80: 17190089 | K80: 15 | L80: 845862.62 | M80: 0 | N80: 0 | O80: 0 | P80: 0 | Q80: 0 | R80: 1 | S80: =+VLOOKUP(B80,[1]Лист2!$A$4:$B$188,2,0) -> 88 | T80: 258000 | U80: =+VLOOKUP(B80,[1]Лист2!$A$4:$C$188,3,0) -> 5680045 | V80: =+S80 -> 88 | W80: =+U80 -> 5680045 | X80: =+R80 -> 1 | Y80: =+T80 -> 258000 | Z80: 0 | AA80: 0 | AB80: 0 | AC80: 0 | AD80: 2 | AE80: 66 | AF80: 4839.44 | AG80: 7052671.5 | AH80: =+AE80 -> 66 | AI80: =+AG80 -> 7052671.5 | AJ80: =+AD80 -> 2 | AK80: =+AF80 -> 4839.44 | AL80: 0 | AM80: 0 | AN80: 0 | AO80: 0 | AP80: 1874.2516 | AQ80: Барқарор | AR80: =+AX80/$AX$77 -> 0.32470925 | AS80: 0 | AT80: 0 | AU80: Бор | AV80: Бор | AW80: 2 | AX80: =+AI80+AK80 -> 7057511
B81: 11201 | C81: Ўзсаноатқурилишбанк | D81: Ўзсаноатқурилишбанк Чирчиқ БХМ | E81: 66 | F81: 16 | G81: 1204276.2 | H81: 919332.73 | I81: 9 | J81: 641084.68 | K81: 48 | L81: 810668.68 | M81: 0 | N81: 0 | O81: 0 | P81: 0 | Q81: 1243.4355 | R81: 71 | S81: =+VLOOKUP(B81,[1]Лист2!$A$4:$B$188,2,0) -> 24 | T81: 1450858.6 | U81: =+VLOOKUP(B81,[1]Лист2!$A$4:$C$188,3,0) -> 636271.27 | V81: =+S81 -> 24 | W81: =+U81 -> 636271.27 | X81: =+R81 -> 71 | Y81: =+T81 -> 1450858.6 | Z81: 0 | AA81: 0 | AB81: 0 | AC81: 0 | AD81: 75 | AE81: 32 | AF81: 1888539.4 | AG81: 628449.72 | AH81: =+AE81 -> 32 | AI81: =+AG81 -> 628449.72 | AJ81: =+AD81 -> 75 | AK81: =+AF81 -> 1888539.4 | AL81: 0 | AM81: 0 | AN81: 0 | AO81: 0 | AP81: 489.65429 | AQ81: Самарадорлиги паст | AR81: =+AX81/$AX$77 -> 0.11580424 | AS81: 87590.667 | AT81: 21897.667 | AU81: Бор | AV81: Бор | AW81: 2 | AX81: =+AI81+AK81 -> 2516989.1
B82: 11447 | C82: Ҳамкорбанк | D82: Ҳамкорбанк Чирчиқ БХМ | E82: 112 | F82: 84 | G82: 1775682.1 | H82: 3065551 | I82: 62 | J82: 2559562.7 | K82: 78 | L82: 1264630.6 | M82: 0 | N82: 0 | O82: 0 | P82: 0 | Q82: 275.9607 | R82: 92 | S82: =+VLOOKUP(B82,[1]Лист2!$A$4:$B$188,2,0) -> 61 | T82: 1499289.6 | U82: =+VLOOKUP(B82,[1]Лист2!$A$4:$C$188,3,0) -> 1788320 | V82: =+S82 -> 61 | W82: =+U82 -> 1788320 | X82: =+R82 -> 92 | Y82: =+T82 -> 1499289.6 | Z82: 0 | AA82: 0 | AB82: 0 | AC82: 0 | AD82: 98 | AE82: 66 | AF82: 2392718.6 | AG82: 1270797 | AH82: =+AE82 -> 66 | AI82: =+AG82 -> 1270797 | AJ82: =+AD82 -> 98 | AK82: =+AF82 -> 2392718.6 | AL82: 0 | AM82: 0 | AN82: 0 | AO82: 0 | AP82: 147.49532 | AQ82: Ўртача | AR82: =+AX82/$AX$77 -> 0.16855481 | AS82: 1017299.4 | AT82: 254324.85 | AU82: Бор | AV82: Бор | AW82: 1 | AX82: =+AI82+AK82 -> 3663515.6
A83: Юқоричирчиқ тумани | C83: Юқоричирчиқ тумани | E83: =+SUM(E84:E85) -> 0 | F83: =+SUM(F84:F85) -> 0 | G83: =+SUM(G84:G85) -> 0 | H83: =+SUM(H84:H85) -> 0 | I83: =+SUM(I84:I85) -> 0 | J83: =+SUM(J84:J85) -> 0 | K83: =+SUM(K84:K85) -> 0 | L83: =+SUM(L84:L85) -> 0 | ... AP83: =+SUM(AP84:AP85) -> 50.4 | AQ83: Самарадорлиги паст | AS83: =+SUM(AS84:AS85) -> 720009.6 | AT83: =+SUM(AT84:AT85) -> 180002.4 | AW83: =+SUM(AW84:AW85) -> 4 | AX83: =+AI83+AK83+AM83+AO83 -> 126095 | AY83: =+AX83/$AX$6 -> 0.00019427104
B84: 480 | C84: Агробанк | D84: Агробанк Юқоричирчиқ филиали | E84: 0 | F84: 0 | G84: 0 | H84: 0 | I84: 0 | J84: 0 | K84: 0 | L84: 0 | M84: 0 | N84: 0 | O84: 0 | P84: 0 | Q84: 344.90287 | V84: =+S84 -> 0 | W84: =+U84 -> 0 | X84: =+R84 -> 0 | Y84: =+T84 -> 0 | Z84: =((+S84)/3)*4 -> 0 | AA84: =((+U84)/3)*4 -> 0 | AB84: 0 | AC84: 0 | AD84: 5 | AE84: 0 | AF84: 96775 | AG84: 0 | AH84: =+AE84 -> 0 | AI84: =+AG84 -> 0 | AJ84: =+AD84 -> 5 | AK84: =+AF84 -> 96775 | AL84: 0 | AM84: 0 | AN84: 0 | AO84: 0 | AP84: 0 | AQ84: Самарадор | AR84: =+AX84/$AX$83 -> 0.7674769 | AS84: 719856 | AT84: 179964 | AU84: Бор | AV84: Бор | AW84: 2 | AX84: =+AI84+AK84 -> 96775
B85: 11488 | C85: Халқ банк | D85: Халқ банк Юқоричирчиқ БХМ | E85: 0 | F85: 0 | G85: 0 | H85: 0 | I85: 0 | J85: 0 | K85: 0 | L85: 0 | M85: 0 | N85: 0 | O85: 0 | P85: 0 | Q85: 928.21278 | V85: =+S85 -> 0 | W85: =+U85 -> 0 | X85: =+R85 -> 0 | Y85: =+T85 -> 0 | Z85: =((+S85)/3)*4 -> 0 | AA85: =((+U85)/3)*4 -> 0 | AB85: 0 | AC85: 0 | AD85: 1 | AE85: 0 | AF85: 29320 | AG85: 0 | AH85: =+AE85 -> 0 | AI85: =+AG85 -> 0 | AJ85: =+AD85 -> 1 | AK85: =+AF85 -> 29320 | AL85: 0 | AM85: 0 | AN85: 0 | AO85: 0 | AP85: 50.4 | AQ85: Ўртача | AR85: =+AX85/$AX$83 -> 0.2325231 | AS85: 153.6 | AT85: 38.4 | AU85: Бор | AV85: Бор | AW85: 2 | AX85: =+AI85+AK85 -> 29320
A86: Янгийўл тумани | C86: Янгийўл тумани | E86: =+E87+E88 -> 12 | F86: =+F87+F88 -> 5 | G86: =+G87+G88 -> 718847 | H86: =+H87+H88 -> 73180 | I86: =+I87+I88 -> 5 | J86: =+J87+J88 -> 73180 | K86: =+K87+K88 -> 1 | L86: =+L87+L88 -> 8500 | ... AP86: =+AP87+AP88 -> 3151.3878 | AQ86: Самарадорлиги паст | AS86: =+AS87+AS88 -> 2355.5333 | AT86: =+AT87+AT88 -> 588.88333 | AW86: =+AW87+AW88 -> 4 | AX86: =+AI86+AK86+AM86+AO86 -> 171453.77 | AY86: =+AX86/$AX$6 -> 0.00026415403
B87: 485 | C87: Агробанк | D87: Агробанк Янгийўл филиали | E87: 11 | F87: 0 | G87: 710347 | H87: 0 | I87: 0 | J87: 0 | K87: 0 | L87: 0 | M87: 0 | N87: 0 | O87: 7 | P87: 409515.16 | Q87: 4554.9768 | R87: 7 | T87: 41753.43 | V87: =+S87 -> 0 | W87: =+U87 -> 0 | X87: =+R87 -> 7 | Y87: =+T87 -> 41753.43 | Z87: =((+S87)/3)*4 -> 0 | AA87: =((+U87)/3)*4 -> 0 | AB87: 0 | AC87: 0 | AD87: 9 | AE87: 1 | AF87: 94906.18 | AG87: 19477.59 | AH87: =+AE87 -> 1 | AI87: =+AG87 -> 19477.59 | AJ87: =+AD87 -> 9 | AK87: =+AF87 -> 94906.18 | AL87: 0 | AM87: 0 | AN87: 0 | AO87: 0 | AP87: 2562.6614 | AQ87: Самарадор | AR87: =+AX87/$AX$86 -> 0.66714059 | AS87: 1961.3333 | AT87: 490.33333 | AU87: Бор | AV87: Бор | AW87: 2 | AX87: =+AI87+AK87 -> 114383.77
B88: 11349 | C88: Халқ банк | D88: Халқ банк Янгийўл БХМ | E88: 1 | F88: 5 | G88: 8500 | H88: 73180 | I88: 5 | J88: 73180 | K88: 1 | L88: 8500 | M88: 0 | N88: 0 | O88: 0 | P88: 0 | Q88: 611.52437 | R88: 2 | S88: =+VLOOKUP(B88,[1]Лист2!$A$4:$B$188,2,0) -> 5 | T88: 26000 | U88: =+VLOOKUP(B88,[1]Лист2!$A$4:$C$188,3,0) -> 68106 | V88: =+S88 -> 5 | W88: =+U88 -> 68106 | X88: =+R88 -> 2 | Y88: =+T88 -> 26000 | Z88: 0 | AA88: 0 | AB88: 0 | AC88: 0 | AD88: 1 | AE88: 3 | AF88: 15000 | AG88: 42070 | AH88: =+AE88 -> 3 | AI88: =+AG88 -> 42070 | AJ88: =+AD88 -> 1 | AK88: =+AF88 -> 15000 | AL88: 0 | AM88: 0 | AN88: 0 | AO88: 0 | AP88: 588.72641 | AQ88: Самарадорлиги паст | AR88: =+AX88/$AX$86 -> 0.33285941 | AS88: 394.2 | AT88: 98.55 | AU88: Бор | AV88: Бор | AW88: 2 | AX88: =+AI88+AK88 -> 57070
A89: Янгийўл шаҳар | C89: Янгийўл шаҳар | E89: 204 | F89: 185 | G89: 6465663.1 | H89: 8347433 | I89: =+SUM(I90:I93) -> 185 | J89: =+SUM(J90:J93) -> 8347433 | K89: =+SUM(K90:K93) -> 204 | L89: =+SUM(L90:L93) -> 6465663.1 | M89: =+SUM(M90:M93) -> 0 | N89: =+SUM(N90:N93) -> 0 | O89: =+SUM(O90:O93) -> 0 | P89: =+SUM(P90:P93) -> 0 | Q89: =+SUM(Q90:Q93) -> 1786.7247 | R89: 272 | S89: =+SUM(S90:S93) -> 215 | T89: 9829752.3 | U89: =+SUM(U90:U93) -> 8915679.8 | V89: =+S89 -> 215 | W89: =+U89 -> 8915679.8 | X89: =+R89 -> 272 | Y89: =+T89 -> 9829752.3 | Z89: =((+SUM(Z90:Z93))/3)*4 -> 0 | AA89: =((+SUM(AA90:AA93))/3)*4 -> 0 | AB89: 0 | AC89: 0 | AD89: 262 | AE89: 168 | AF89: 11301052 | AG89: 2480166.9 | AH89: =+AE89 -> 168 | AI89: =+AG89 -> 2480166.9 | AJ89: =+AD89 -> 262 | AK89: =+AF89 -> 11301052 | AL89: =((((+SUM(AL90:AL93))/3)*4)/3)*4 -> 0 | AM89: =((((+SUM(AM90:AM93))/3)*4)/3)*4 -> 0 | AN89: =((((+SUM(AN90:AN93))/3)*4)/3)*4 -> 0 | AO89: =((((+SUM(AO90:AO93))/3)*4)/3)*4 -> 0 | AP89: =+SUM(AP90:AP93) -> 6852.3632 | AQ89: Ўртача | AS89: =+SUM(AS90:AS93) -> 1342300.8 | AT89: =+SUM(AT90:AT93) -> 335575.21 | AW89: =+SUM(AW90:AW93) -> 6 | AX89: =+AI89+AK89+AM89+AO89 -> 13781219 | AY89: =+AX89/$AX$6 -> 0.021232339
B90: 1081 | C90: Ипак йўли банк | D90: Ипак йўли банк Янгийўл филиали | E90: 93 | F90: 110 | G90: 4847944.9 | H90: 10187508 | I90: 81 | J90: 6784618.1 | K90: 55 | L90: 2254523.4 | M90: 0 | N90: 0 | O90: 0 | P90: 0 | Q90: 203.51944 | R90: 83 | S90: =+VLOOKUP(B90,[1]Лист2!$A$4:$B$188,2,0) -> 96 | T90: 3497672.1 | U90: =+VLOOKUP(B90,[1]Лист2!$A$4:$C$188,3,0) -> 7432013.8 | V90: =+S90 -> 96 | W90: =+U90 -> 7432013.8 | X90: =+R90 -> 83 | Y90: =+T90 -> 3497672.1 | Z90: 0 | AA90: 0 | AB90: 0 | AC90: 0 | AD90: 111 | AE90: 112 | AF90: 7205710.2 | AG90: 2449352.7 | AH90: =+AE90 -> 112 | AI90: =+AG90 -> 2449352.7 | AJ90: =+AD90 -> 111 | AK90: =+AF90 -> 7205710.2 | AL90: 0 | AM90: 0 | AN90: 0 | AO90: 0 | AP90: 5390.6381 | AQ90: Самарадор | AR90: =+AX90/$AX$89 -> 0.70059571 | AS90: 744508.87 | AT90: 186127.22 | AU90: Бор | AV90: Бор | AW90: 1 | AX90: =+AI90+AK90 -> 9655062.9
B91: 10820 | C91: Бизнесни ривожлантириш банки | D91: Бизнесни ривожлантириш банки Янгийўл БХМ | E91: 8 | F91: 6 | G91: 164606.86 | H91: 45982.38 | I91: 1 | J91: 2847.67 | K91: 1 | L91: 20000 | M91: 0 | N91: 0 | O91: 0 | P91: 0 | Q91: 38.23042 | R91: 8 | S91: =+VLOOKUP(B91,[1]Лист2!$A$4:$B$188,2,0) -> 10 | T91: 483857 | U91: =+VLOOKUP(B91,[1]Лист2!$A$4:$C$188,3,0) -> 66463.28 | V91: =+S91 -> 10 | W91: =+U91 -> 66463.28 | X91: =+R91 -> 8 | Y91: =+T91 -> 483857 | Z91: 0 | AA91: 0 | AB91: 0 | AC91: 0 | AD91: 16 | AE91: 8 | AF91: 1047194.8 | AG91: 93876.77 | AH91: =+AE91 -> 8 | AI91: =+AG91 -> 93876.77 | AJ91: =+AD91 -> 16 | AK91: =+AF91 -> 1047194.8 | AL91: 0 | AM91: 0 | AN91: 0 | AO91: 0 | AP91: 64.23638 | AQ91: Самарадорлиги паст | AR91: =+AX91/$AX$89 -> 0.08279903 | AS91: 34077.333 | AT91: 8519.3333 | AU91: Йуқ | AV91: Йуқ | AW91: 2 | AX91: =+AI91+AK91 -> 1141071.6
B92: 11255 | C92: Миллийбанк | D92: Миллийбанк Янгийўл БХМ | E92: 14 | F92: 2 | G92: 417912.42 | H92: 8720 | I92: 1 | J92: 8000 | K92: 9 | L92: 296321.21 | M92: 0 | N92: 0 | O92: 0 | P92: 0 | Q92: 8.27793 | R92: 2 | S92: =+VLOOKUP(B92,[1]Лист2!$A$4:$B$188,2,0) -> 13 | T92: 33000 | U92: =+VLOOKUP(B92,[1]Лист2!$A$4:$C$188,3,0) -> 90815.37 | V92: =+S92 -> 13 | W92: =+U92 -> 90815.37 | X92: =+R92 -> 2 | Y92: =+T92 -> 33000 | Z92: 0 | AA92: 0 | AB92: 0 | AC92: 0 | AD92: 3 | AE92: 15 | AF92: 133700 | AG92: 113442.26 | AH92: =+AE92 -> 15 | AI92: =+AG92 -> 113442.26 | AJ92: =+AD92 -> 3 | AK92: =+AF92 -> 133700 | AL92: 0 | AM92: 0 | AN92: 0 | AO92: 0 | AP92: 62.17966 | AQ92: Самарадорлиги паст | AR92: =+AX92/$AX$89 -> 0.017933266 | AS92: 2994.6459 | AT92: 748.66146 | AU92: Бор | AV92: Бор | AW92: 2 | AX92: =+AI92+AK92 -> 247142.26
B93: 11444 | C93: Ҳамкорбанк | D93: Ҳамкорбанк Янгийўл БХО | E93: 163 | F93: 150 | G93: 4361383.5 | H93: 2119078.8 | I93: 102 | J93: 1551967.2 | K93: 139 | L93: 3894818.5 | M93: 0 | N93: 0 | O93: 0 | P93: 0 | Q93: 1536.6969 | R93: 179 | S93: =+VLOOKUP(B93,[1]Лист2!$A$4:$B$188,2,0) -> 96 | T93: 5815223.2 | U93: =+VLOOKUP(B93,[1]Лист2!$A$4:$C$188,3,0) -> 1326387.3 | V93: =+S93 -> 96 | W93: =+U93 -> 1326387.3 | X93: =+R93 -> 179 | Y93: =+T93 -> 5815223.2 | Z93: 0 | AA93: 0 | AB93: 0 | AC93: 0 | AD93: 223 | AE93: 110 | AF93: 7940411.5 | AG93: 1344223.6 | AH93: =+AE93 -> 110 | AI93: =+AG93 -> 1344223.6 | AJ93: =+AD93 -> 223 | AK93: =+AF93 -> 7940411.5 | AL93: 0 | AM93: 0 | AN93: 0 | AO93: 0 | AP93: 1335.309 | AQ93: Барқарор | AR93: =+AX93/$AX$89 -> 0.67371653 | AS93: 560720 | AT93: 140180 | AU93: Бор | AV93: Бор | AW93: 1 | AX93: =+AI93+AK93 -> 9284635
A94: Тошкент шаҳар банклари | C94: Тошкент шаҳар банклари | E94: 12260 | F94: 5055 | G94: 8.8315822e+08 | H94: 3.2880075e+08 | I94: =+SUM(I95:I245) -> 0 | J94: =+SUM(J95:J245) -> 0 | K94: =+SUM(K95:K245) -> 0 | L94: =+SUM(L95:L245) -> 0 | M94: =+SUM(M95:M245) -> 5055 | N94: =+SUM(N95:N245) -> 3.2880075e+08 | O94: =+SUM(O95:O245) -> 12260 | P94: =+SUM(P95:P245) -> 8.8315822e+08 | Q94: =+SUM(Q95:Q245) -> 560704.91 | R94: 15125 | S94: =+SUM(S95:S245) -> 6458 | T94: 1.0663757e+09 | U94: =+SUM(U95:U245) -> 3.2228042e+08 | V94: =+S94 -> 6458 | W94: =+U94 -> 3.2228042e+08 | X94: =+R94 -> 15125 | Y94: =+T94 -> 1.0663757e+09 | Z94: =((+SUM(Z95:Z245))/3)*4 -> 11466.667 | AA94: =((+SUM(AA95:AA245))/3)*4 -> 5.7271876e+08 | AB94: 20101.333 | AC94: 1.4198667e+09 | AD94: =+SUM(AD95:AD245) -> 11805 | AE94: =+SUM(AE95:AE245) -> 5720 | AF94: =+SUM(AF95:AF245) -> 9.2908339e+08 | AG94: =+SUM(AG95:AG245) -> 3.211336e+08 | AH94: =+AE94 -> 5720 | AI94: =+AG94 -> 3.211336e+08 | AJ94: =+AD94 -> 11805 | AK94: =+AF94 -> 9.2908339e+08 | AL94: =+SUM(AL95:AL245) -> 5713 | AM94: =+SUM(AM95:AM245) -> 3.2102893e+08 | AN94: =+SUM(AN95:AN245) -> 11778 | AO94: =+SUM(AO95:AO245) -> 9.2862057e+08 | AP94: =+SUM(AP95:AP245) -> 712754.99
B95: 394 | C95: Агробанк | D95: Агробанк Тошкент шаҳар | E95: 27 | F95: 51 | G95: 1796131.8 | H95: 4339212.5 | I95: 0 | J95: 0 | K95: 0 | L95: 0 | M95: 51 | N95: 4339212.5 | O95: 27 | P95: 1796131.8 | Q95: 10145.084 | R95: 47 | S95: =+VLOOKUP(B95,[1]Лист2!$A$4:$B$188,2,0) -> 37 | T95: 2331476 | U95: =+VLOOKUP(B95,[1]Лист2!$A$4:$C$188,3,0) -> 1870991.1 | V95: =+S95 -> 37 | W95: =+U95 -> 1870991.1 | X95: =+R95 -> 47 | Y95: =+T95 -> 2331476 | Z95: =((+S95)/3)*4 -> 49.333333 | AA95: =((+U95)/3)*4 -> 2494654.7 | AB95: 62.666667 | AC95: 3108634.6 | AD95: 51 | AE95: 133 | AF95: 1899130.6 | AG95: 11329756 | AH95: =+AE95 -> 133 | AI95: =+AG95 -> 11329756 | AJ95: =+AD95 -> 51 | AK95: =+AF95 -> 1899130.6 | AL95: 133 | AM95: 11329756 | AN95: 51 | AO95: 1899130.6 | AP95: 14060.137
B96: 1140 | C96: Агробанк | D96: Агробанк Тошкент шаҳар | E96: 1 | F96: 0 | G96: 57000 | H96: 0 | I96: 0 | J96: 0 | K96: 0 | L96: 0 | M96: 0 | N96: 0 | O96: 1 | P96: 57000 | Q96: 0 | V96: =+S96 -> 0 | W96: =+U96 -> 0 | X96: =+R96 -> 0 | Y96: =+T96 -> 0 | Z96: =((+S96)/3)*4 -> 0 | AA96: =((+U96)/3)*4 -> 0 | AB96: 0 | AC96: 0 | AD96: 0 | AE96: 0 | AF96: 0 | AG96: 0 | AH96: =+AE96 -> 0 | AI96: =+AG96 -> 0 | AJ96: =+AD96 -> 0 | AK96: =+AF96 -> 0 | AL96: 0 | AM96: 0 | AN96: 0 | AO96: 0 | AP96: 0
B97: 401 | C97: Алоқабанк | D97: Алоқабанк Тошкент шаҳар | E97: 113 | F97: 44 | G97: 2836280.5 | H97: 1777495.1 | I97: 0 | J97: 0 | K97: 0 | L97: 0 | M97: 44 | N97: 1777495.1 | O97: 113 | P97: 2836280.5 | Q97: 3376.8216 | R97: 90 | S97: =+VLOOKUP(B97,[1]Лист2!$A$4:$B$188,2,0) -> 38 | T97: 4337930.6 | U97: =+VLOOKUP(B97,[1]Лист2!$A$4:$C$188,3,0) -> 1932995.9 | V97: =+S97 -> 38 | W97: =+U97 -> 1932995.9 | X97: =+R97 -> 90 | Y97: =+T97 -> 4337930.6 | Z97: =((+S97)/3)*4 -> 50.666667 | AA97: =((+U97)/3)*4 -> 2577327.9 | AB97: 120 | AC97: 5783907.4 | AD97: 69 | AE97: 61 | AF97: 2956830.6 | AG97: 1890157.8 | AH97: =+AE97 -> 61 | AI97: =+AG97 -> 1890157.8 | AJ97: =+AD97 -> 69 | AK97: =+AF97 -> 2956830.6 | AL97: 61 | AM97: 1890157.8 | AN97: 69 | AO97: 2956830.6 | AP97: 1563.0339
B98: 1091 | C98: Алоқабанк | D98: Алоқабанк Тошкент шаҳар | E98: 67 | F98: 39 | G98: 2435519.2 | H98: 558188.12 | I98: 0 | J98: 0 | K98: 0 | L98: 0 | M98: 39 | N98: 558188.12 | O98: 67 | P98: 2435519.2 | Q98: 35.62628 | R98: 90 | S98: =+VLOOKUP(B98,[1]Лист2!$A$4:$B$188,2,0) -> 55 | T98: 2303583.1 | U98: =+VLOOKUP(B98,[1]Лист2!$A$4:$C$188,3,0) -> 1418776.2 | V98: =+S98 -> 55 | W98: =+U98 -> 1418776.2 | X98: =+R98 -> 90 | Y98: =+T98 -> 2303583.1 | Z98: =((+S98)/3)*4 -> 73.333333 | AA98: =((+U98)/3)*4 -> 1891701.6 | AB98: 120 | AC98: 3071444.1 | AD98: 72 | AE98: 45 | AF98: 1856577.9 | AG98: 623973.33 | AH98: =+AE98 -> 45 | AI98: =+AG98 -> 623973.33 | AJ98: =+AD98 -> 72 | AK98: =+AF98 -> 1856577.9 | AL98: 45 | AM98: 623973.33 | AN98: 72 | AO98: 1856577.9 | AP98: 627.80971
B99: 1183 | C99: Анор банк | D99: Анор банк Тошкент шаҳар | E99: 40 | F99: 14 | G99: 3690649.1 | H99: 518119.17 | I99: 0 | J99: 0 | K99: 0 | L99: 0 | M99: 14 | N99: 518119.17 | O99: 40 | P99: 3690649.1 | Q99: 26004.416 | R99: 96 | S99: =+VLOOKUP(B99,[1]Лист2!$A$4:$B$188,2,0) -> 11 | T99: 7189967.4 | U99: =+VLOOKUP(B99,[1]Лист2!$A$4:$C$188,3,0) -> 364377.8 | V99: =+S99 -> 11 | W99: =+U99 -> 364377.8 | X99: =+R99 -> 96 | Y99: =+T99 -> 7189967.4 | Z99: =((+S99)/3)*4 -> 14.666667 | AA99: =((+U99)/3)*4 -> 485837.07 | AB99: 128 | AC99: 9586623.1 | AD99: 69 | AE99: 25 | AF99: 9311209.8 | AG99: 1033267.6 | AH99: =+AE99 -> 25 | AI99: =+AG99 -> 1033267.6 | AJ99: =+AD99 -> 69 | AK99: =+AF99 -> 9311209.8 | AL99: 25 | AM99: 1033267.6 | AN99: 69 | AO99: 9311209.8 | AP99: 19725.106
B100: 1196 | C100: Апекс банк | D100: Апекс банк Тошкент шаҳар | E100: 4 | F100: 3 | G100: 49666.5 | H100: 189146.41 | I100: 0 | J100: 0 | K100: 0 | L100: 0 | M100: 3 | N100: 189146.41 | O100: 4 | P100: 49666.5 | Q100: 0 | R100: 24 | S100: =+VLOOKUP(B100,[1]Лист2!$A$4:$B$188,2,0) -> 7 | T100: 571636.1 | U100: =+VLOOKUP(B100,[1]Лист2!$A$4:$C$188,3,0) -> 201444.33 | V100: =+S100 -> 7 | W100: =+U100 -> 201444.33 | X100: =+R100 -> 24 | Y100: =+T100 -> 571636.1 | Z100: =((+S100)/3)*4 -> 9.3333333 | AA100: =((+U100)/3)*4 -> 268592.44 | AB100: 32 | AC100: 762181.47 | AD100: 14 | AE100: 14 | AF100: 631973.6 | AG100: 193614.76 | AH100: =+AE100 -> 14 | AI100: =+AG100 -> 193614.76 | AJ100: =+AD100 -> 14 | AK100: =+AF100 -> 631973.6 | AL100: 14 | AM100: 193614.76 | AN100: 14 | AO100: 631973.6 | AP100: 5582.7962
...
